url,http://datalab.naver.com/keyword/trendResult.naver?hashKey=N_1291c2c9e356386ad9ce26e4c84b0cf0,Unnamed: 2,Unnamed: 3,Unnamed: 4,Unnamed: 5,Unnamed: 6,Unnamed: 7,Unnamed: 8,Unnamed: 9
주제,통검,,,,,,,,
범위,합계,,,,,,,,
기간,일간 : 2020-09-21 ~ 2025-09-21,,,,,,,,
성별,"전체(여성,남성)",,,,,,,,
연령대,전체,,,,,,,,
날짜,여행,날짜,여행룩,날짜,날씨 ,날짜,해외여행 코디,날짜,여행 인플루언서 코디
2020-09-21,4.83651,2020-09-21,0.12624,2020-09-21,3.09935,2020-09-21,0.00757,2020-09-21,0
2020-09-22,4.59664,2020-09-22,0.17043,2020-09-22,2.61835,2020-09-22,0,2020-09-22,0
2020-09-23,4.5777,2020-09-23,0.14265,2020-09-23,2.41636,2020-09-23,0,2020-09-23,0
2020-09-24,4.46408,2020-09-24,0.11362,2020-09-24,2.31662,2020-09-24,0.00883,2020-09-24,0
2020-09-25,3.79245,2020-09-25,0.11362,2020-09-25,1.98712,2020-09-25,0.00883,2020-09-25,0
2020-09-26,3.71039,2020-09-26,0.17043,2020-09-26,1.46193,2020-09-26,0.00757,2020-09-26,0
2020-09-27,4.28355,2020-09-27,0.1174,2020-09-27,1.54778,2020-09-27,0,2020-09-27,0
2020-09-28,4.51205,2020-09-28,0.1073,2020-09-28,2.12978,2020-09-28,0,2020-09-28,0
2020-09-29,3.9452,2020-09-29,0.11867,2020-09-29,1.70938,2020-09-29,0,2020-09-29,0
2020-09-30,3.28872,2020-09-30,0.10478,2020-09-30,1.22459,2020-09-30,0.00631,2020-09-30,0
2020-10-01,3.46547,2020-10-01,0.15528,2020-10-01,1.14127,2020-10-01,0.00631,2020-10-01,0
2020-10-02,3.89344,2020-10-02,0.11235,2020-10-02,1.28014,2020-10-02,0,2020-10-02,0
2020-10-03,4.09796,2020-10-03,0.12372,2020-10-03,1.55157,2020-10-03,0.00757,2020-10-03,0
2020-10-04,6.10023,2020-10-04,0.13508,2020-10-04,1.67276,2020-10-04,0.00883,2020-10-04,0
2020-10-05,5.40335,2020-10-05,0.15275,2020-10-05,2.48074,2020-10-05,0.01136,2020-10-05,0
2020-10-06,5.03471,2020-10-06,0.11362,2020-10-06,2.64739,2020-10-06,0,2020-10-06,0
2020-10-07,4.79863,2020-10-07,0.12372,2020-10-07,2.34818,2020-10-07,0.00631,2020-10-07,0
2020-10-08,4.96275,2020-10-08,0.14897,2020-10-08,2.23456,2020-10-08,0.00883,2020-10-08,0
2020-10-09,3.99949,2020-10-09,0.13255,2020-10-09,1.49602,2020-10-09,0.00631,2020-10-09,0
2020-10-10,4.13079,2020-10-10,0.13634,2020-10-10,1.37987,2020-10-10,0,2020-10-10,0
2020-10-11,6.06489,2020-10-11,0.1376,2020-10-11,1.71316,2020-10-11,0,2020-10-11,0
2020-10-12,6.98017,2020-10-12,0.14392,2020-10-12,2.26991,2020-10-12,0.01009,2020-10-12,0
2020-10-13,5.79598,2020-10-13,0.12877,2020-10-13,2.23961,2020-10-13,0,2020-10-13,0
2020-10-14,5.23418,2020-10-14,0.16159,2020-10-14,2.29011,2020-10-14,0,2020-10-14,0
2020-10-15,5.08521,2020-10-15,0.14392,2020-10-15,2.28127,2020-10-15,0,2020-10-15,0
2020-10-16,4.68375,2020-10-16,0.14265,2020-10-16,2.02247,2020-10-16,0.01641,2020-10-16,0
2020-10-17,4.09796,2020-10-17,0.12245,2020-10-17,1.33947,2020-10-17,0.00883,2020-10-17,0
2020-10-18,5.01199,2020-10-18,0.13887,2020-10-18,1.7018,2020-10-18,0.01262,2020-10-18,0
2020-10-19,5.93611,2020-10-19,0.12624,2020-10-19,2.304,2020-10-19,0,2020-10-19,0
2020-10-20,5.6407,2020-10-20,0.15654,2020-10-20,2.35323,2020-10-20,0.01893,2020-10-20,0
2020-10-21,5.30867,2020-10-21,0.17548,2020-10-21,2.27622,2020-10-21,0.01388,2020-10-21,0
2020-10-22,4.77843,2020-10-22,0.1477,2020-10-22,2.31157,2020-10-22,0.01262,2020-10-22,0
2020-10-23,4.56634,2020-10-23,0.1881,2020-10-23,1.81795,2020-10-23,0.01136,2020-10-23,0
2020-10-24,4.07903,2020-10-24,0.15149,2020-10-24,1.49854,2020-10-24,0.01767,2020-10-24,0
2020-10-25,5.13697,2020-10-25,0.1679,2020-10-25,1.65004,2020-10-25,0.00883,2020-10-25,0
2020-10-26,5.4993,2020-10-26,0.15654,2020-10-26,2.20047,2020-10-26,0,2020-10-26,0
2020-10-27,5.27079,2020-10-27,0.12877,2020-10-27,2.30778,2020-10-27,0.01262,2020-10-27,0
2020-10-28,5.45638,2020-10-28,0.19694,2020-10-28,2.3646,2020-10-28,0.00757,2020-10-28,0
2020-10-29,5.07511,2020-10-29,0.17295,2020-10-29,2.03257,2020-10-29,0,2020-10-29,0
2020-10-30,4.77717,2020-10-30,0.16285,2020-10-30,1.6311,2020-10-30,0,2020-10-30,0
2020-10-31,4.21663,2020-10-31,0.10857,2020-10-31,1.14127,2020-10-31,0,2020-10-31,0
2020-11-01,5.05365,2020-11-01,0.15654,2020-11-01,1.74725,2020-11-01,0.00631,2020-11-01,0
2020-11-02,5.36295,2020-11-02,0.14897,2020-11-02,2.35323,2020-11-02,0.00631,2020-11-02,0
2020-11-03,5.12561,2020-11-03,0.12245,2020-11-03,2.04393,2020-11-03,0.01009,2020-11-03,0
2020-11-04,4.81883,2020-11-04,0.14265,2020-11-04,2.12725,2020-11-04,0.00757,2020-11-04,0
2020-11-05,5.04608,2020-11-05,0.11867,2020-11-05,1.97323,2020-11-05,0,2020-11-05,0
2020-11-06,4.93119,2020-11-06,0.14518,2020-11-06,1.90001,2020-11-06,0,2020-11-06,0
2020-11-07,4.36813,2020-11-07,0.14644,2020-11-07,1.46067,2020-11-07,0,2020-11-07,0
2020-11-08,5.61545,2020-11-08,0.13887,2020-11-08,1.55662,2020-11-08,0,2020-11-08,0
2020-11-09,5.67605,2020-11-09,0.12498,2020-11-09,2.09064,2020-11-09,0,2020-11-09,0
2020-11-10,5.6609,2020-11-10,0.13508,2020-11-10,2.01489,2020-11-10,0.00883,2020-11-10,0
2020-11-11,5.20388,2020-11-11,0.1275,2020-11-11,1.81542,2020-11-11,0,2020-11-11,0
2020-11-12,4.74687,2020-11-12,0.12498,2020-11-12,1.80785,2020-11-12,0,2020-11-12,0
2020-11-13,4.06766,2020-11-13,0.1477,2020-11-13,1.97323,2020-11-13,0.00631,2020-11-13,0
2020-11-14,3.64979,2020-11-14,0.10857,2020-11-14,1.56293,2020-11-14,0.00631,2020-11-14,0
2020-11-15,4.59411,2020-11-15,0.16285,2020-11-15,1.68413,2020-11-15,0,2020-11-15,0
2020-11-16,4.80116,2020-11-16,0.1073,2020-11-16,2.23204,2020-11-16,0,2020-11-16,0
2020-11-17,4.3858,2020-11-17,0.12624,2020-11-17,2.50725,2020-11-17,0.00631,2020-11-17,0
2020-11-18,3.98813,2020-11-18,0.13255,2020-11-18,3.06526,2020-11-18,0.00631,2020-11-18,0
2020-11-19,4.12069,2020-11-19,0.12877,2020-11-19,3.36194,2020-11-19,0,2020-11-19,0
2020-11-20,3.65357,2020-11-20,0.10604,2020-11-20,2.48453,2020-11-20,0,2020-11-20,0
2020-11-21,2.87716,2020-11-21,0.11488,2020-11-21,1.52758,2020-11-21,0,2020-11-21,0
2020-11-22,3.76972,2020-11-22,0.09468,2020-11-22,1.81416,2020-11-22,0.00757,2020-11-22,0
2020-11-23,3.86441,2020-11-23,0.05681,2020-11-23,2.10579,2020-11-23,0,2020-11-23,0
2020-11-24,3.37457,2020-11-24,0.10225,2020-11-24,2.10453,2020-11-24,0,2020-11-24,0
2020-11-25,3.50082,2020-11-25,0.09216,2020-11-25,1.81668,2020-11-25,0,2020-11-25,0
2020-11-26,3.36194,2020-11-26,0.07448,2020-11-26,1.85708,2020-11-26,0,2020-11-26,0
2020-11-27,3.03875,2020-11-27,0.07827,2020-11-27,1.60585,2020-11-27,0.00631,2020-11-27,0
2020-11-28,2.87084,2020-11-28,0.08332,2020-11-28,1.20944,2020-11-28,0,2020-11-28,0
2020-11-29,4.10427,2020-11-29,0.05933,2020-11-29,1.3925,2020-11-29,0,2020-11-29,0
2020-11-30,4.03105,2020-11-30,0.06691,2020-11-30,1.6513,2020-11-30,0,2020-11-30,0
2020-12-01,3.61065,2020-12-01,0.09847,2020-12-01,1.68791,2020-12-01,0,2020-12-01,0
2020-12-02,3.37709,2020-12-02,0.07827,2020-12-02,1.6513,2020-12-02,0,2020-12-02,0
2020-12-03,3.37836,2020-12-03,0.07827,2020-12-03,1.51243,2020-12-03,0,2020-12-03,0
2020-12-04,3.07663,2020-12-04,0.06564,2020-12-04,1.49728,2020-12-04,0,2020-12-04,0
2020-12-05,3.00467,2020-12-05,0.06817,2020-12-05,1.20818,2020-12-05,0,2020-12-05,0
2020-12-06,3.76215,2020-12-06,0.10225,2020-12-06,1.35715,2020-12-06,0,2020-12-06,0
2020-12-07,3.50839,2020-12-07,0.07448,2020-12-07,1.75861,2020-12-07,0,2020-12-07,0
2020-12-08,3.54753,2020-12-08,0.07196,2020-12-08,1.90253,2020-12-08,0,2020-12-08,0
2020-12-09,3.42633,2020-12-09,0.07196,2020-12-09,1.7826,2020-12-09,0,2020-12-09,0
2020-12-10,3.33669,2020-12-10,0.08963,2020-12-10,1.96944,2020-12-10,0,2020-12-10,0
2020-12-11,3.05264,2020-12-11,0.09594,2020-12-11,2.13483,2020-12-11,0,2020-12-11,0
2020-12-12,2.5123,2020-12-12,0.07701,2020-12-12,1.36977,2020-12-12,0.00757,2020-12-12,0
2020-12-13,3.14859,2020-12-13,0.10352,2020-12-13,1.60964,2020-12-13,0,2020-12-13,0
2020-12-14,3.30008,2020-12-14,0.07574,2020-12-14,2.00605,2020-12-14,0,2020-12-14,0
2020-12-15,3.2458,2020-12-15,0.1073,2020-12-15,1.92526,2020-12-15,0,2020-12-15,0
2020-12-16,3.01603,2020-12-16,0.07069,2020-12-16,1.77376,2020-12-16,0,2020-12-16,0
2020-12-17,3.02234,2020-12-17,0.05681,2020-12-17,1.69675,2020-12-17,0,2020-12-17,0
2020-12-18,2.71682,2020-12-18,0.04923,2020-12-18,1.55662,2020-12-18,0,2020-12-18,0
2020-12-19,2.38606,2020-12-19,0.08584,2020-12-19,1.20691,2020-12-19,0,2020-12-19,0
2020-12-20,3.41244,2020-12-20,0.05933,2020-12-20,1.36598,2020-12-20,0,2020-12-20,0
2020-12-21,3.1953,2020-12-21,0.05681,2020-12-21,1.65635,2020-12-21,0,2020-12-21,0
2020-12-22,2.91377,2020-12-22,0.06059,2020-12-22,1.46698,2020-12-22,0,2020-12-22,0
2020-12-23,2.85948,2020-12-23,0.10478,2020-12-23,1.67908,2020-12-23,0,2020-12-23,0
2020-12-24,2.60194,2020-12-24,0.04923,2020-12-24,1.28014,2020-12-24,0,2020-12-24,0
2020-12-25,2.46433,2020-12-25,0.03661,2020-12-25,0.84459,2020-12-25,0,2020-12-25,0
2020-12-26,2.93523,2020-12-26,0.04671,2020-12-26,1.07057,2020-12-26,0,2020-12-26,0
2020-12-27,3.37962,2020-12-27,0.06691,2020-12-27,1.25236,2020-12-27,0,2020-12-27,0
2020-12-28,3.37331,2020-12-28,0.07069,2020-12-28,1.84067,2020-12-28,0,2020-12-28,0
2020-12-29,2.92387,2020-12-29,0.06312,2020-12-29,1.82805,2020-12-29,0,2020-12-29,0
2020-12-30,2.66506,2020-12-30,0.05681,2020-12-30,1.46951,2020-12-30,0,2020-12-30,0
2020-12-31,2.68652,2020-12-31,0.04544,2020-12-31,1.20186,2020-12-31,0,2020-12-31,0
2021-01-01,2.90998,2021-01-01,0.04039,2021-01-01,0.97841,2021-01-01,0,2021-01-01,0
2021-01-02,3.02108,2021-01-02,0.04923,2021-01-02,1.02133,2021-01-02,0,2021-01-02,0
2021-01-03,3.50713,2021-01-03,0.05554,2021-01-03,1.16146,2021-01-03,0,2021-01-03,0
2021-01-04,3.24958,2021-01-04,0.05049,2021-01-04,1.3925,2021-01-04,0,2021-01-04,0
2021-01-05,3.0135,2021-01-05,0.04292,2021-01-05,1.57682,2021-01-05,0,2021-01-05,0
2021-01-06,2.8355,2021-01-06,0.06059,2021-01-06,1.66266,2021-01-06,0,2021-01-06,0
2021-01-07,2.85948,2021-01-07,0.04923,2021-01-07,1.92021,2021-01-07,0,2021-01-07,0
2021-01-08,2.77868,2021-01-08,0.07196,2021-01-08,1.68918,2021-01-08,0,2021-01-08,0
2021-01-09,2.75849,2021-01-09,0.0972,2021-01-09,1.21575,2021-01-09,0.00883,2021-01-09,0
2021-01-10,3.70029,2021-01-10,0.07953,2021-01-10,1.25362,2021-01-10,0,2021-01-10,0
2021-01-11,3.2559,2021-01-11,0.07196,2021-01-11,1.62731,2021-01-11,0,2021-01-11,0
2021-01-12,3.33543,2021-01-12,0.08963,2021-01-12,1.56167,2021-01-12,0,2021-01-12,0
2021-01-13,3.39224,2021-01-13,0.09468,2021-01-13,1.75104,2021-01-13,0,2021-01-13,0
2021-01-14,3.31397,2021-01-14,0.10099,2021-01-14,1.60712,2021-01-14,0,2021-01-14,0
2021-01-15,3.09051,2021-01-15,0.08837,2021-01-15,1.62353,2021-01-15,0,2021-01-15,0
2021-01-16,3.31397,2021-01-16,0.11488,2021-01-16,1.12738,2021-01-16,0.00883,2021-01-16,0
2021-01-17,3.73311,2021-01-17,0.11362,2021-01-17,1.21449,2021-01-17,0,2021-01-17,0
2021-01-18,3.44905,2021-01-18,0.10983,2021-01-18,1.58692,2021-01-18,0,2021-01-18,0
2021-01-19,3.50839,2021-01-19,0.08963,2021-01-19,1.34705,2021-01-19,0,2021-01-19,0
2021-01-20,3.51975,2021-01-20,0.11362,2021-01-20,1.37608,2021-01-20,0,2021-01-20,0
2021-01-21,3.59424,2021-01-21,0.13129,2021-01-21,1.54399,2021-01-21,0,2021-01-21,0
2021-01-22,3.39351,2021-01-22,0.0972,2021-01-22,2.07297,2021-01-22,0.00883,2021-01-22,0
2021-01-23,3.95025,2021-01-23,0.11867,2021-01-23,1.59828,2021-01-23,0,2021-01-23,0
2021-01-24,4.39338,2021-01-24,0.08079,2021-01-24,1.5503,2021-01-24,0,2021-01-24,0
2021-01-25,3.75836,2021-01-25,0.10857,2021-01-25,1.73462,2021-01-25,0,2021-01-25,0
2021-01-26,3.81769,2021-01-26,0.10478,2021-01-26,1.84572,2021-01-26,0.00631,2021-01-26,0
2021-01-27,3.52859,2021-01-27,0.09342,2021-01-27,1.75356,2021-01-27,0,2021-01-27,0
2021-01-28,3.42885,2021-01-28,0.10983,2021-01-28,1.65256,2021-01-28,0,2021-01-28,0
2021-01-29,3.22181,2021-01-29,0.08584,2021-01-29,1.31296,2021-01-29,0,2021-01-29,0
2021-01-30,3.33669,2021-01-30,0.10225,2021-01-30,0.97967,2021-01-30,0.00883,2021-01-30,0
2021-01-31,3.90102,2021-01-31,0.11614,2021-01-31,1.09834,2021-01-31,0.00883,2021-01-31,0
2021-02-01,3.63842,2021-02-01,0.1174,2021-02-01,1.76871,2021-02-01,0,2021-02-01,0
2021-02-02,3.49829,2021-02-02,0.08837,2021-02-02,1.59575,2021-02-02,0.00757,2021-02-02,0
2021-02-03,3.49577,2021-02-03,0.11867,2021-02-03,1.49602,2021-02-03,0,2021-02-03,0
2021-02-04,3.17131,2021-02-04,0.12624,2021-02-04,1.41017,2021-02-04,0,2021-02-04,0
2021-02-05,2.89104,2021-02-05,0.1174,2021-02-05,1.25867,2021-02-05,0.01009,2021-02-05,0
2021-02-06,2.92892,2021-02-06,0.14013,2021-02-06,1.37608,2021-02-06,0,2021-02-06,0
2021-02-07,3.82148,2021-02-07,0.13887,2021-02-07,1.31927,2021-02-07,0.01136,2021-02-07,0
2021-02-08,3.32533,2021-02-08,0.12498,2021-02-08,1.40891,2021-02-08,0,2021-02-08,0
2021-02-09,3.29882,2021-02-09,0.12624,2021-02-09,1.38492,2021-02-09,0,2021-02-09,0
2021-02-10,3.06021,2021-02-10,0.10857,2021-02-10,1.24479,2021-02-10,0,2021-02-10,0
2021-02-11,2.89104,2021-02-11,0.08584,2021-02-11,0.99861,2021-02-11,0.01136,2021-02-11,0
2021-02-12,3.48062,2021-02-12,0.1578,2021-02-12,0.98219,2021-02-12,0.01136,2021-02-12,0
2021-02-13,3.90859,2021-02-13,0.16285,2021-02-13,1.09455,2021-02-13,0.00883,2021-02-13,0
2021-02-14,4.76581,2021-02-14,0.18684,2021-02-14,1.24479,2021-02-14,0.00757,2021-02-14,0
2021-02-15,3.88461,2021-02-15,0.12119,2021-02-15,1.59323,2021-02-15,0,2021-02-15,0
2021-02-16,3.70155,2021-02-16,0.13129,2021-02-16,1.52379,2021-02-16,0,2021-02-16,0
2021-02-17,3.52733,2021-02-17,0.14392,2021-02-17,1.46446,2021-02-17,0.01009,2021-02-17,0
2021-02-18,3.36826,2021-02-18,0.17927,2021-02-18,1.31927,2021-02-18,0,2021-02-18,0
2021-02-19,3.03497,2021-02-19,0.10983,2021-02-19,1.36725,2021-02-19,0,2021-02-19,0
2021-02-20,3.12965,2021-02-20,0.08837,2021-02-20,1.3016,2021-02-20,0.00757,2021-02-20,0
2021-02-21,3.94015,2021-02-21,0.14518,2021-02-21,1.49097,2021-02-21,0.00883,2021-02-21,0
2021-02-22,3.67504,2021-02-22,0.15149,2021-02-22,1.95303,2021-02-22,0,2021-02-22,0
2021-02-23,3.75205,2021-02-23,0.13255,2021-02-23,1.38997,2021-02-23,0,2021-02-23,0
2021-02-24,3.68387,2021-02-24,0.10983,2021-02-24,1.37987,2021-02-24,0,2021-02-24,0
2021-02-25,3.79118,2021-02-25,0.09468,2021-02-25,1.47456,2021-02-25,0.00883,2021-02-25,0
2021-02-26,3.29377,2021-02-26,0.14013,2021-02-26,1.3521,2021-02-26,0,2021-02-26,0
2021-02-27,3.06148,2021-02-27,0.15149,2021-02-27,1.1804,2021-02-27,0,2021-02-27,0
2021-02-28,3.45537,2021-02-28,0.11867,2021-02-28,1.34957,2021-02-28,0,2021-02-28,0
2021-03-01,4.23683,2021-03-01,0.1275,2021-03-01,1.55662,2021-03-01,0.00631,2021-03-01,0
2021-03-02,3.87956,2021-03-02,0.13382,2021-03-02,1.78134,2021-03-02,0,2021-03-02,0
2021-03-03,3.5551,2021-03-03,0.11488,2021-03-03,1.7927,2021-03-03,0.00757,2021-03-03,0
2021-03-04,3.646,2021-03-04,0.11488,2021-03-04,1.73084,2021-03-04,0.01262,2021-03-04,0
2021-03-05,3.44779,2021-03-05,0.12372,2021-03-05,1.73462,2021-03-05,0,2021-03-05,0
2021-03-06,3.50713,2021-03-06,0.1578,2021-03-06,1.4228,2021-03-06,0.01136,2021-03-06,0
2021-03-07,4.03484,2021-03-07,0.11867,2021-03-07,1.43668,2021-03-07,0.00631,2021-03-07,0
2021-03-08,4.45272,2021-03-08,0.12498,2021-03-08,1.89875,2021-03-08,0,2021-03-08,0
2021-03-09,4.228,2021-03-09,0.15275,2021-03-09,1.78639,2021-03-09,0,2021-03-09,0
2021-03-10,4.19138,2021-03-10,0.1376,2021-03-10,1.90632,2021-03-10,0.00757,2021-03-10,0
2021-03-11,4.12952,2021-03-11,0.14013,2021-03-11,1.95051,2021-03-11,0,2021-03-11,0
2021-03-12,3.7268,2021-03-12,0.13129,2021-03-12,1.9038,2021-03-12,0,2021-03-12,0
2021-03-13,3.43012,2021-03-13,0.13508,2021-03-13,1.38618,2021-03-13,0.00757,2021-03-13,0
2021-03-14,4.12952,2021-03-14,0.11362,2021-03-14,1.72074,2021-03-14,0.01262,2021-03-14,0
2021-03-15,4.29238,2021-03-15,0.10352,2021-03-15,2.1727,2021-03-15,0,2021-03-15,0
2021-03-16,4.16866,2021-03-16,0.15023,2021-03-16,2.23961,2021-03-16,0.00757,2021-03-16,0
2021-03-17,4.03105,2021-03-17,0.16033,2021-03-17,2.01489,2021-03-17,0,2021-03-17,0
2021-03-18,3.96035,2021-03-18,0.14139,2021-03-18,2.06287,2021-03-18,0.01641,2021-03-18,0
2021-03-19,3.72175,2021-03-19,0.16033,2021-03-19,1.90632,2021-03-19,0,2021-03-19,0
2021-03-20,3.4945,2021-03-20,0.14013,2021-03-20,1.70433,2021-03-20,0.00883,2021-03-20,0
2021-03-21,4.24693,2021-03-21,0.15528,2021-03-21,1.68665,2021-03-21,0,2021-03-21,0
2021-03-22,4.44135,2021-03-22,0.14265,2021-03-22,2.11084,2021-03-22,0,2021-03-22,0
2021-03-23,4.23557,2021-03-23,0.13634,2021-03-23,2.02878,2021-03-23,0.00757,2021-03-23,0
2021-03-24,3.7874,2021-03-24,0.15402,2021-03-24,2.17523,2021-03-24,0.00883,2021-03-24,0
2021-03-25,3.78487,2021-03-25,0.13508,2021-03-25,2.13735,2021-03-25,0.00631,2021-03-25,0
2021-03-26,3.69145,2021-03-26,0.16285,2021-03-26,2.0616,2021-03-26,0.00883,2021-03-26,0
2021-03-27,3.37204,2021-03-27,0.13003,2021-03-27,1.74472,2021-03-27,0.00883,2021-03-27,0
2021-03-28,4.47796,2021-03-28,0.15402,2021-03-28,2.19038,2021-03-28,0,2021-03-28,0
2021-03-29,4.63199,2021-03-29,0.14139,2021-03-29,2.8456,2021-03-29,0.00631,2021-03-29,0
2021-03-30,4.02348,2021-03-30,0.14644,2021-03-30,2.64739,2021-03-30,0,2021-03-30,0
2021-03-31,3.81138,2021-03-31,0.1578,2021-03-31,2.82918,2021-03-31,0,2021-03-31,0
2021-04-01,3.6864,2021-04-01,0.12624,2021-04-01,2.78878,2021-04-01,0,2021-04-01,0
2021-04-02,3.19277,2021-04-02,0.15149,2021-04-02,2.89988,2021-04-02,0.00631,2021-04-02,0
2021-04-03,3.60308,2021-04-03,0.1679,2021-04-03,2.44413,2021-04-03,0,2021-04-03,0
2021-04-04,4.46534,2021-04-04,0.21966,2021-04-04,2.49842,2021-04-04,0.00757,2021-04-04,0
2021-04-05,4.49059,2021-04-05,0.15654,2021-04-05,2.67264,2021-04-05,0.01009,2021-04-05,0
2021-04-06,3.94647,2021-04-06,0.15149,2021-04-06,2.49842,2021-04-06,0,2021-04-06,0
2021-04-07,3.81517,2021-04-07,0.18305,2021-04-07,2.5426,2021-04-07,0.00631,2021-04-07,0
2021-04-08,3.47052,2021-04-08,0.17422,2021-04-08,2.32672,2021-04-08,0.00631,2021-04-08,0
2021-04-09,3.35942,2021-04-09,0.19189,2021-04-09,2.08433,2021-04-09,0,2021-04-09,0
2021-04-10,2.98573,2021-04-10,0.17674,2021-04-10,1.65635,2021-04-10,0.00631,2021-04-10,0
2021-04-11,3.57025,2021-04-11,0.18684,2021-04-11,1.9038,2021-04-11,0.00757,2021-04-11,0
2021-04-12,3.98055,2021-04-12,0.17295,2021-04-12,2.61961,2021-04-12,0.01388,2021-04-12,0
2021-04-13,3.86314,2021-04-13,0.1679,2021-04-13,2.75091,2021-04-13,0.00883,2021-04-13,0
2021-04-14,3.40866,2021-04-14,0.1174,2021-04-14,2.36838,2021-04-14,0.01136,2021-04-14,0
2021-04-15,3.42507,2021-04-15,0.15528,2021-04-15,2.22825,2021-04-15,0.00757,2021-04-15,0
2021-04-16,3.28241,2021-04-16,0.17674,2021-04-16,2.34187,2021-04-16,0.00631,2021-04-16,0
2021-04-17,3.01603,2021-04-17,0.16917,2021-04-17,1.70685,2021-04-17,0.00631,2021-04-17,0
2021-04-18,3.55258,2021-04-18,0.17043,2021-04-18,1.84067,2021-04-18,0.00757,2021-04-18,0
2021-04-19,3.6763,2021-04-19,0.1679,2021-04-19,2.36712,2021-04-19,0,2021-04-19,0
2021-04-20,3.79497,2021-04-20,0.19946,2021-04-20,2.48705,2021-04-20,0.01136,2021-04-20,0
2021-04-21,3.25716,2021-04-21,0.16033,2021-04-21,3.13344,2021-04-21,0.01262,2021-04-21,0
2021-04-22,3.26726,2021-04-22,0.178,2021-04-22,3.89849,2021-04-22,0.00631,2021-04-22,0
2021-04-23,2.77616,2021-04-23,0.18053,2021-04-23,2.96805,2021-04-23,0.00757,2021-04-23,0
2021-04-24,2.70546,2021-04-24,0.17295,2021-04-24,2.09695,2021-04-24,0,2021-04-24,0
2021-04-25,3.29503,2021-04-25,0.17548,2021-04-25,2.15503,2021-04-25,0,2021-04-25,0
2021-04-26,3.62706,2021-04-26,0.18053,2021-04-26,2.50599,2021-04-26,0,2021-04-26,0
2021-04-27,3.36068,2021-04-27,0.16285,2021-04-27,2.51609,2021-04-27,0,2021-04-27,0
2021-04-28,4.35551,2021-04-28,0.17043,2021-04-28,2.58048,2021-04-28,0.00631,2021-04-28,0
2021-04-29,4.04494,2021-04-29,0.17169,2021-04-29,2.23582,2021-04-29,0.01136,2021-04-29,0
2021-04-30,3.1246,2021-04-30,0.1578,2021-04-30,2.15881,2021-04-30,0.01767,2021-04-30,0
2021-05-01,3.2155,2021-05-01,0.18432,2021-05-01,1.62226,2021-05-01,0.01136,2021-05-01,0
2021-05-02,3.7672,2021-05-02,0.20325,2021-05-02,1.7119,2021-05-02,0.00631,2021-05-02,0
2021-05-03,4.2482,2021-05-03,0.19568,2021-05-03,2.33556,2021-05-03,0,2021-05-03,0
2021-05-04,3.79497,2021-05-04,0.21209,2021-05-04,2.2939,2021-05-04,0,2021-05-04,0
2021-05-05,3.85304,2021-05-05,0.18053,2021-05-05,1.73462,2021-05-05,0.01388,2021-05-05,0
2021-05-06,4.23431,2021-05-06,0.16159,2021-05-06,2.203,2021-05-06,0.00631,2021-05-06,0
2021-05-07,3.59424,2021-05-07,0.17927,2021-05-07,2.18785,2021-05-07,0.00883,2021-05-07,0
2021-05-08,2.87211,2021-05-08,0.17927,2021-05-08,1.72957,2021-05-08,0.00883,2021-05-08,0
2021-05-09,3.93889,2021-05-09,0.17674,2021-05-09,2.10326,2021-05-09,0.00757,2021-05-09,0
2021-05-10,4.52341,2021-05-10,0.21083,2021-05-10,2.7749,2021-05-10,0.01136,2021-05-10,0
2021-05-11,4.15351,2021-05-11,0.17548,2021-05-11,2.70672,2021-05-11,0.01262,2021-05-11,0
2021-05-12,3.77603,2021-05-12,0.23986,2021-05-12,2.65749,2021-05-12,0.00631,2021-05-12,0
2021-05-13,3.81391,2021-05-13,0.19315,2021-05-13,3.65105,2021-05-13,0,2021-05-13,0
2021-05-14,3.58919,2021-05-14,0.18053,2021-05-14,5.28089,2021-05-14,0.01514,2021-05-14,0
2021-05-15,3.11576,2021-05-15,0.1881,2021-05-15,9.50258,2021-05-15,0,2021-05-15,0
2021-05-16,3.96288,2021-05-16,0.22093,2021-05-16,9.79926,2021-05-16,0.00631,2021-05-16,0
2021-05-17,4.74056,2021-05-17,0.19315,2021-05-17,5.5902,2021-05-17,0.01009,2021-05-17,0
2021-05-18,4.10175,2021-05-18,0.23986,2021-05-18,4.49438,2021-05-18,0.03534,2021-05-18,0
2021-05-19,3.49577,2021-05-19,0.18305,2021-05-19,3.31271,2021-05-19,0,2021-05-19,0
2021-05-20,4.45019,2021-05-20,0.20704,2021-05-20,3.23696,2021-05-20,0.01009,2021-05-20,0
2021-05-21,3.94773,2021-05-21,0.17043,2021-05-21,2.94533,2021-05-21,0.00757,2021-05-21,0
2021-05-22,3.67504,2021-05-22,0.19063,2021-05-22,2.40752,2021-05-22,0.01136,2021-05-22,0
2021-05-23,4.35551,2021-05-23,0.20956,2021-05-23,3.08168,2021-05-23,0.01136,2021-05-23,0
2021-05-24,4.72036,2021-05-24,0.19694,2021-05-24,3.03623,2021-05-24,0,2021-05-24,0
2021-05-25,6.15073,2021-05-25,0.19568,2021-05-25,2.63729,2021-05-25,0.01262,2021-05-25,0
2021-05-26,5.10794,2021-05-26,0.20578,2021-05-26,2.72061,2021-05-26,0,2021-05-26,0
2021-05-27,4.81252,2021-05-27,0.20578,2021-05-27,2.82287,2021-05-27,0.00631,2021-05-27,0
2021-05-28,4.07776,2021-05-28,0.22976,2021-05-28,2.64234,2021-05-28,0.00631,2021-05-28,0
2021-05-29,3.444,2021-05-29,0.16412,2021-05-29,2.10453,2021-05-29,0,2021-05-29,0
2021-05-30,4.12195,2021-05-30,0.20578,2021-05-30,2.36838,2021-05-30,0.00631,2021-05-30,0
2021-05-31,4.88195,2021-05-31,0.19568,2021-05-31,4.06766,2021-05-31,0.00631,2021-05-31,0
2021-06-01,5.68488,2021-06-01,0.20451,2021-06-01,4.0159,2021-06-01,0,2021-06-01,0
2021-06-02,6.05857,2021-06-02,0.2083,2021-06-02,3.90985,2021-06-02,0.01009,2021-06-02,0
2021-06-03,5.02461,2021-06-03,0.26259,2021-06-03,3.65862,2021-06-03,0,2021-06-03,0
2021-06-04,4.43757,2021-06-04,0.21461,2021-06-04,2.96427,2021-06-04,0,2021-06-04,0
2021-06-05,4.04999,2021-06-05,0.2083,2021-06-05,2.6941,2021-06-05,0.00757,2021-06-05,0
2021-06-06,5.73412,2021-06-06,0.21966,2021-06-06,3.6258,2021-06-06,0.01514,2021-06-06,0
2021-06-07,6.66961,2021-06-07,0.25375,2021-06-07,4.18129,2021-06-07,0,2021-06-07,0
2021-06-08,6.4916,2021-06-08,0.2386,2021-06-08,5.20893,2021-06-08,0.00757,2021-06-08,0
2021-06-09,15.28089,2021-06-09,0.22093,2021-06-09,5.10289,2021-06-09,0,2021-06-09,0
2021-06-10,11.42911,2021-06-10,0.25628,2021-06-10,5.02461,2021-06-10,0,2021-06-10,0
2021-06-11,7.93839,2021-06-11,0.22345,2021-06-11,4.71783,2021-06-11,0,2021-06-11,0
2021-06-12,6.19366,2021-06-12,0.21335,2021-06-12,5.03976,2021-06-12,0.00631,2021-06-12,0
2021-06-13,7.19606,2021-06-13,0.22471,2021-06-13,5.54601,2021-06-13,0.01136,2021-06-13,0
2021-06-14,8.70092,2021-06-14,0.21714,2021-06-14,5.41345,2021-06-14,0,2021-06-14,0
2021-06-15,7.24277,2021-06-15,0.19441,2021-06-15,4.09291,2021-06-15,0.01388,2021-06-15,0
2021-06-16,7.0433,2021-06-16,0.22598,2021-06-16,3.45158,2021-06-16,0.01388,2021-06-16,0
2021-06-17,6.55599,2021-06-17,0.23103,2021-06-17,3.6157,2021-06-17,0.00631,2021-06-17,0
2021-06-18,5.78083,2021-06-18,0.23608,2021-06-18,4.11942,2021-06-18,0.01136,2021-06-18,0
2021-06-19,4.76581,2021-06-19,0.24996,2021-06-19,3.064,2021-06-19,0.01136,2021-06-19,0
2021-06-20,5.93106,2021-06-20,0.26638,2021-06-20,3.20666,2021-06-20,0.00631,2021-06-20,0
2021-06-21,6.92589,2021-06-21,0.27143,2021-06-21,3.40108,2021-06-21,0,2021-06-21,0
2021-06-22,6.12043,2021-06-22,0.22093,2021-06-22,2.83928,2021-06-22,0.01136,2021-06-22,0
2021-06-23,5.75937,2021-06-23,0.28405,2021-06-23,2.91756,2021-06-23,0.01009,2021-06-23,0
2021-06-24,5.12182,2021-06-24,0.24239,2021-06-24,2.85317,2021-06-24,0.00883,2021-06-24,0
2021-06-25,4.36308,2021-06-25,0.28784,2021-06-25,2.58174,2021-06-25,0.01262,2021-06-25,0
2021-06-26,3.97172,2021-06-26,0.22471,2021-06-26,2.61961,2021-06-26,0.01136,2021-06-26,0
2021-06-27,4.89837,2021-06-27,0.28279,2021-06-27,2.66001,2021-06-27,0,2021-06-27,0
2021-06-28,5.26196,2021-06-28,0.27269,2021-06-28,3.76593,2021-06-28,0.00631,2021-06-28,0
2021-06-29,4.64209,2021-06-29,0.27648,2021-06-29,3.84926,2021-06-29,0,2021-06-29,0
2021-06-30,4.98674,2021-06-30,0.24113,2021-06-30,4.08786,2021-06-30,0.00757,2021-06-30,0
2021-07-01,4.51963,2021-07-01,0.2487,2021-07-01,4.20148,2021-07-01,0.01009,2021-07-01,0
2021-07-02,4.16487,2021-07-02,0.22976,2021-07-02,3.5753,2021-07-02,0,2021-07-02,0
2021-07-03,3.68261,2021-07-03,0.23229,2021-07-03,2.75091,2021-07-03,0,2021-07-03,0
2021-07-04,4.41989,2021-07-04,0.29162,2021-07-04,3.89092,2021-07-04,0.01136,2021-07-04,0
2021-07-05,5.05996,2021-07-05,0.24744,2021-07-05,4.08534,2021-07-05,0,2021-07-05,0
2021-07-06,4.52215,2021-07-06,0.26511,2021-07-06,4.6282,2021-07-06,0.01136,2021-07-06,0
2021-07-07,3.94773,2021-07-07,0.26133,2021-07-07,8.91175,2021-07-07,0.00883,2021-07-07,0
2021-07-08,3.70534,2021-07-08,0.25375,2021-07-08,11.13243,2021-07-08,0.00883,2021-07-08,0
2021-07-09,3.19656,2021-07-09,0.17674,2021-07-09,7.1039,2021-07-09,0.00757,2021-07-09,0
2021-07-10,2.74586,2021-07-10,0.20956,2021-07-10,6.02701,2021-07-10,0,2021-07-10,0
2021-07-11,3.25842,2021-07-11,0.2386,2021-07-11,12.70672,2021-07-11,0,2021-07-11,0
2021-07-12,3.55889,2021-07-12,0.21461,2021-07-12,14.36434,2021-07-12,0,2021-07-12,0
2021-07-13,3.54753,2021-07-13,0.22976,2021-07-13,14.78853,2021-07-13,0.00757,2021-07-13,0
2021-07-14,3.36826,2021-07-14,0.24113,2021-07-14,11.81795,2021-07-14,0.00631,2021-07-14,0
2021-07-15,3.20414,2021-07-15,0.21714,2021-07-15,9.51142,2021-07-15,0.01514,2021-07-15,0
2021-07-16,3.16626,2021-07-16,0.22219,2021-07-16,6.17472,2021-07-16,0,2021-07-16,0
2021-07-17,3.05643,2021-07-17,0.22219,2021-07-17,4.34541,2021-07-17,0.01009,2021-07-17,0
2021-07-18,3.49072,2021-07-18,0.22724,2021-07-18,4.18255,2021-07-18,0.00631,2021-07-18,0
2021-07-19,3.42633,2021-07-19,0.2588,2021-07-19,5.14076,2021-07-19,0.00883,2021-07-19,0
2021-07-20,3.28746,2021-07-20,0.21083,2021-07-20,5.07637,2021-07-20,0,2021-07-20,0
2021-07-21,2.84307,2021-07-21,0.17548,2021-07-21,5.15591,2021-07-21,0.00883,2021-07-21,0
2021-07-22,3.28367,2021-07-22,0.23986,2021-07-22,4.41232,2021-07-22,0.00757,2021-07-22,0
2021-07-23,3.60434,2021-07-23,0.21714,2021-07-23,3.87829,2021-07-23,0.00757,2021-07-23,0
2021-07-24,2.95164,2021-07-24,0.22724,2021-07-24,3.44148,2021-07-24,0.01136,2021-07-24,0
2021-07-25,3.39477,2021-07-25,0.21714,2021-07-25,3.54121,2021-07-25,0.01009,2021-07-25,0
2021-07-26,3.41497,2021-07-26,0.22093,2021-07-26,3.65862,2021-07-26,0.01009,2021-07-26,0
2021-07-27,3.22686,2021-07-27,0.21335,2021-07-27,3.76593,2021-07-27,0,2021-07-27,0
2021-07-28,3.16247,2021-07-28,0.20073,2021-07-28,4.22421,2021-07-28,0.01009,2021-07-28,0
2021-07-29,3.13596,2021-07-29,0.24365,2021-07-29,4.57517,2021-07-29,0.01136,2021-07-29,0
2021-07-30,3.27736,2021-07-30,0.15907,2021-07-30,3.40992,2021-07-30,0,2021-07-30,0
2021-07-31,3.24201,2021-07-31,0.15275,2021-07-31,4.30122,2021-07-31,0.00883,2021-07-31,0
2021-08-01,3.32155,2021-08-01,0.19694,2021-08-01,5.23797,2021-08-01,0.00883,2021-08-01,0
2021-08-02,3.52228,2021-08-02,0.19568,2021-08-02,5.04734,2021-08-02,0.00757,2021-08-02,0
2021-08-03,3.90102,2021-08-03,0.15654,2021-08-03,4.3858,2021-08-03,0,2021-08-03,0
2021-08-04,3.62832,2021-08-04,0.21209,2021-08-04,3.70786,2021-08-04,0.00631,2021-08-04,0
2021-08-05,3.47178,2021-08-05,0.20451,2021-08-05,3.11955,2021-08-05,0.00631,2021-08-05,0
2021-08-06,3.36321,2021-08-06,0.23734,2021-08-06,5.22156,2021-08-06,0.00631,2021-08-06,0
2021-08-07,3.34553,2021-08-07,0.14518,2021-08-07,6.23658,2021-08-07,0.01767,2021-08-07,0
2021-08-08,4.5575,2021-08-08,0.178,2021-08-08,6.02322,2021-08-08,0.00631,2021-08-08,0
2021-08-09,4.75318,2021-08-09,0.18179,2021-08-09,3.95152,2021-08-09,0.00757,2021-08-09,0
2021-08-10,4.1472,2021-08-10,0.17422,2021-08-10,3.38214,2021-08-10,0.00757,2021-08-10,0
2021-08-11,4.06135,2021-08-11,0.18305,2021-08-11,3.38846,2021-08-11,0.01136,2021-08-11,0
2021-08-12,3.92374,2021-08-12,0.21335,2021-08-12,3.02487,2021-08-12,0,2021-08-12,0
2021-08-13,3.67504,2021-08-13,0.17169,2021-08-13,2.83676,2021-08-13,0.01136,2021-08-13,0
2021-08-14,3.81012,2021-08-14,0.14013,2021-08-14,2.1626,2021-08-14,0.00883,2021-08-14,0
2021-08-15,4.16487,2021-08-15,0.15402,2021-08-15,1.99596,2021-08-15,0,2021-08-15,0
2021-08-16,4.53225,2021-08-16,0.15149,2021-08-16,2.18785,2021-08-16,0.01136,2021-08-16,0
2021-08-17,4.43125,2021-08-17,0.16033,2021-08-17,2.28632,2021-08-17,0,2021-08-17,0
2021-08-18,4.28733,2021-08-18,0.1578,2021-08-18,2.43656,2021-08-18,0.00757,2021-08-18,0
2021-08-19,4.42999,2021-08-19,0.15907,2021-08-19,2.29011,2021-08-19,0.00883,2021-08-19,0
2021-08-20,4.12321,2021-08-20,0.15528,2021-08-20,2.47569,2021-08-20,0.00757,2021-08-20,0
2021-08-21,3.89092,2021-08-21,0.11867,2021-08-21,2.74586,2021-08-21,0.01009,2021-08-21,0
2021-08-22,4.46282,2021-08-22,0.15528,2021-08-22,3.24075,2021-08-22,0.01641,2021-08-22,0
2021-08-23,4.67996,2021-08-23,0.13003,2021-08-23,3.24075,2021-08-23,0.01009,2021-08-23,0
2021-08-24,4.7494,2021-08-24,0.1578,2021-08-24,5.35917,2021-08-24,0.01262,2021-08-24,0
2021-08-25,4.51331,2021-08-25,0.14518,2021-08-25,5.67226,2021-08-25,0.01641,2021-08-25,0
2021-08-26,4.4767,2021-08-26,0.16664,2021-08-26,7.595,2021-08-26,0.00883,2021-08-26,0
2021-08-27,4.04873,2021-08-27,0.19189,2021-08-27,4.4969,2021-08-27,0.00631,2021-08-27,0
2021-08-28,3.79118,2021-08-28,0.12372,2021-08-28,3.06779,2021-08-28,0,2021-08-28,0
2021-08-29,4.65345,2021-08-29,0.14013,2021-08-29,3.20414,2021-08-29,0.01136,2021-08-29,0
2021-08-30,5.02714,2021-08-30,0.14013,2021-08-30,4.06135,2021-08-30,0.00631,2021-08-30,0
2021-08-31,4.54361,2021-08-31,0.1275,2021-08-31,3.06653,2021-08-31,0,2021-08-31,0
2021-09-01,4.53478,2021-09-01,0.10352,2021-09-01,3.09051,2021-09-01,0.01009,2021-09-01,0
2021-09-02,4.71152,2021-09-02,0.11867,2021-09-02,2.88852,2021-09-02,0.01388,2021-09-02,0
2021-09-03,4.52215,2021-09-03,0.14897,2021-09-03,2.47822,2021-09-03,0,2021-09-03,0
2021-09-04,4.0866,2021-09-04,0.14897,2021-09-04,1.8634,2021-09-04,0,2021-09-04,0
2021-09-05,5.0183,2021-09-05,0.15528,2021-09-05,2.01489,2021-09-05,0.01009,2021-09-05,0
2021-09-06,5.52581,2021-09-06,0.15275,2021-09-06,2.39994,2021-09-06,0.00631,2021-09-06,0
2021-09-07,5.89193,2021-09-07,0.14013,2021-09-07,2.87716,2021-09-07,0.00883,2021-09-07,0
2021-09-08,5.25186,2021-09-08,0.15907,2021-09-08,3.05264,2021-09-08,0,2021-09-08,0
2021-09-09,5.25564,2021-09-09,0.13255,2021-09-09,3.15616,2021-09-09,0.00631,2021-09-09,0
2021-09-10,5.11172,2021-09-10,0.10983,2021-09-10,3.17384,2021-09-10,0.01009,2021-09-10,0
2021-09-11,4.93372,2021-09-11,0.13634,2021-09-11,2.52367,2021-09-11,0,2021-09-11,0
2021-09-12,5.79093,2021-09-12,0.16285,2021-09-12,2.50473,2021-09-12,0.01388,2021-09-12,0
2021-09-13,6.51811,2021-09-13,0.15528,2021-09-13,2.68652,2021-09-13,0,2021-09-13,0
2021-09-14,7.09758,2021-09-14,0.16664,2021-09-14,2.40626,2021-09-14,0.00631,2021-09-14,0
2021-09-15,6.28203,2021-09-15,0.12245,2021-09-15,2.40121,2021-09-15,0.00631,2021-09-15,0
2021-09-16,6.58502,2021-09-16,0.13255,2021-09-16,2.3646,2021-09-16,0.00631,2021-09-16,0
2021-09-17,7.49021,2021-09-17,0.13003,2021-09-17,2.08433,2021-09-17,0.01514,2021-09-17,0
2021-09-18,6.16715,2021-09-18,0.15402,2021-09-18,1.58187,2021-09-18,0.00883,2021-09-18,0
2021-09-19,6.64057,2021-09-19,0.18937,2021-09-19,1.76114,2021-09-19,0.01388,2021-09-19,0
2021-09-20,5.93233,2021-09-20,0.1275,2021-09-20,1.42406,2021-09-20,0.01136,2021-09-20,0
2021-09-21,7.47632,2021-09-21,0.16538,2021-09-21,1.82047,2021-09-21,0,2021-09-21,0
2021-09-22,8.17068,2021-09-22,0.14644,2021-09-22,1.78134,2021-09-22,0.01009,2021-09-22,0
2021-09-23,9.47481,2021-09-23,0.16538,2021-09-23,2.35576,2021-09-23,0,2021-09-23,0
2021-09-24,7.773,2021-09-24,0.15528,2021-09-24,1.93031,2021-09-24,0.01136,2021-09-24,0
2021-09-25,6.36157,2021-09-25,0.13508,2021-09-25,1.80659,2021-09-25,0,2021-09-25,0
2021-09-26,7.56217,2021-09-26,0.14897,2021-09-26,1.83562,2021-09-26,0,2021-09-26,0
2021-09-27,8.70723,2021-09-27,0.14013,2021-09-27,2.54639,2021-09-27,0.01136,2021-09-27,0
2021-09-28,8.65042,2021-09-28,0.1578,2021-09-28,2.43908,2021-09-28,0.01388,2021-09-28,0
2021-09-29,8.86504,2021-09-29,0.16412,2021-09-29,2.963,2021-09-29,0.00757,2021-09-29,0
2021-09-30,9.13394,2021-09-30,0.18684,2021-09-30,2.74334,2021-09-30,0.01262,2021-09-30,0
2021-10-01,8.55826,2021-10-01,0.16917,2021-10-01,2.32925,2021-10-01,0.00631,2021-10-01,0
2021-10-02,7.68463,2021-10-02,0.18684,2021-10-02,1.80911,2021-10-02,0.00631,2021-10-02,0
2021-10-03,8.5469,2021-10-03,0.15149,2021-10-03,1.81795,2021-10-03,0.00631,2021-10-03,0
2021-10-04,11.54525,2021-10-04,0.17422,2021-10-04,3.12713,2021-10-04,0.01009,2021-10-04,0
2021-10-05,13.97045,2021-10-05,0.16033,2021-10-05,4.08029,2021-10-05,0.01136,2021-10-05,0
2021-10-06,11.14505,2021-10-06,0.21209,2021-10-06,2.94407,2021-10-06,0.01262,2021-10-06,0
2021-10-07,10.46206,2021-10-07,0.18432,2021-10-07,2.64108,2021-10-07,0.00757,2021-10-07,0
2021-10-08,10.56937,2021-10-08,0.2083,2021-10-08,2.31536,2021-10-08,0.00757,2021-10-08,0
2021-10-09,9.94823,2021-10-09,0.18179,2021-10-09,2.30021,2021-10-09,0,2021-10-09,0
2021-10-10,11.05289,2021-10-10,0.1982,2021-10-10,2.40121,2021-10-10,0.01009,2021-10-10,0
2021-10-11,12.28254,2021-10-11,0.16412,2021-10-11,2.16386,2021-10-11,0.00631,2021-10-11,0
2021-10-12,12.89104,2021-10-12,0.27521,2021-10-12,2.57164,2021-10-12,0.01009,2021-10-12,0
2021-10-13,11.85582,2021-10-13,0.27395,2021-10-13,2.31157,2021-10-13,0,2021-10-13,0
2021-10-14,11.70938,2021-10-14,0.3295,2021-10-14,2.48453,2021-10-14,0.01767,2021-10-14,0
2021-10-15,11.94167,2021-10-15,0.27143,2021-10-15,2.1424,2021-10-15,0.01641,2021-10-15,0
2021-10-16,9.82956,2021-10-16,0.26133,2021-10-16,2.34818,2021-10-16,0.01009,2021-10-16,0
2021-10-17,12.12978,2021-10-17,0.24239,2021-10-17,3.12586,2021-10-17,0,2021-10-17,0
2021-10-18,14.04494,2021-10-18,0.22093,2021-10-18,2.94659,2021-10-18,0.00883,2021-10-18,0
2021-10-19,14.25072,2021-10-19,0.12624,2021-10-19,2.68652,2021-10-19,0.00631,2021-10-19,0
2021-10-20,13.42381,2021-10-20,0.09594,2021-10-20,2.41636,2021-10-20,0,2021-10-20,0
2021-10-21,12.72061,2021-10-21,0.17169,2021-10-21,2.39363,2021-10-21,0.01641,2021-10-21,0
2021-10-22,11.47708,2021-10-22,0.13255,2021-10-22,2.05782,2021-10-22,0,2021-10-22,0
2021-10-23,10.57063,2021-10-23,0.14518,2021-10-23,1.53894,2021-10-23,0.01388,2021-10-23,0
2021-10-24,14.47796,2021-10-24,0.19063,2021-10-24,1.70811,2021-10-24,0.01009,2021-10-24,0
2021-10-25,17.56848,2021-10-25,0.15907,2021-10-25,2.18533,2021-10-25,0.01388,2021-10-25,0
2021-10-26,16.18482,2021-10-26,0.1881,2021-10-26,2.304,2021-10-26,0.00757,2021-10-26,0
2021-10-27,15.4892,2021-10-27,0.18937,2021-10-27,2.30526,2021-10-27,0.01514,2021-10-27,0
2021-10-28,14.26713,2021-10-28,0.16664,2021-10-28,2.09695,2021-10-28,0.00757,2021-10-28,0
2021-10-29,13.84799,2021-10-29,0.17422,2021-10-29,1.7018,2021-10-29,0.00757,2021-10-29,0
2021-10-30,12.25097,2021-10-30,0.1073,2021-10-30,1.33821,2021-10-30,0.01388,2021-10-30,0
2021-10-31,16.70748,2021-10-31,0.15907,2021-10-31,1.65383,2021-10-31,0.01009,2021-10-31,0
2021-11-01,19.94697,2021-11-01,0.16664,2021-11-01,2.22699,2021-11-01,0,2021-11-01,0
2021-11-02,18.58098,2021-11-02,0.16159,2021-11-02,2.33177,2021-11-02,0.00757,2021-11-02,0
2021-11-03,16.88423,2021-11-03,0.21714,2021-11-03,2.06287,2021-11-03,0.01514,2021-11-03,0
2021-11-04,15.46774,2021-11-04,0.15528,2021-11-04,2.15629,2021-11-04,0,2021-11-04,0
2021-11-05,13.74321,2021-11-05,0.13887,2021-11-05,1.82931,2021-11-05,0.01388,2021-11-05,0
2021-11-06,12.83297,2021-11-06,0.1174,2021-11-06,1.37103,2021-11-06,0.01262,2021-11-06,0
2021-11-07,16.01817,2021-11-07,0.14644,2021-11-07,1.6412,2021-11-07,0,2021-11-07,0
2021-11-08,17.55207,2021-11-08,0.16159,2021-11-08,2.13104,2021-11-08,0,2021-11-08,0
2021-11-09,15.92728,2021-11-09,0.1679,2021-11-09,2.0616,2021-11-09,0,2021-11-09,0
2021-11-10,14.59916,2021-11-10,0.15402,2021-11-10,1.85203,2021-11-10,0.00631,2021-11-10,0
2021-11-11,13.06653,2021-11-11,0.19694,2021-11-11,1.80911,2021-11-11,0.01388,2021-11-11,0
2021-11-12,13.38593,2021-11-12,0.17422,2021-11-12,1.67655,2021-11-12,0.01009,2021-11-12,0
2021-11-13,12.39111,2021-11-13,0.15528,2021-11-13,1.21954,2021-11-13,0.00757,2021-11-13,0
2021-11-14,16.21512,2021-11-14,0.15023,2021-11-14,1.56167,2021-11-14,0.01136,2021-11-14,0
2021-11-15,17.88915,2021-11-15,0.1679,2021-11-15,2.10074,2021-11-15,0.00631,2021-11-15,0
2021-11-16,16.58755,2021-11-16,0.1679,2021-11-16,1.89243,2021-11-16,0.00757,2021-11-16,0
2021-11-17,14.4161,2021-11-17,0.19946,2021-11-17,1.67781,2021-11-17,0.00883,2021-11-17,0
2021-11-18,13.70029,2021-11-18,0.23355,2021-11-18,1.62984,2021-11-18,0.02524,2021-11-18,0
2021-11-19,13.52606,2021-11-19,0.16159,2021-11-19,2.04645,2021-11-19,0.01514,2021-11-19,0
2021-11-20,11.7119,2021-11-20,0.14644,2021-11-20,1.87223,2021-11-20,0,2021-11-20,0
2021-11-21,14.72288,2021-11-21,0.18432,2021-11-21,1.90884,2021-11-21,0.00757,2021-11-21,0
2021-11-22,15.21398,2021-11-22,0.16538,2021-11-22,2.11968,2021-11-22,0.00631,2021-11-22,0
2021-11-23,14.77717,2021-11-23,0.16538,2021-11-23,1.92147,2021-11-23,0.00883,2021-11-23,0
2021-11-24,13.7066,2021-11-24,0.14518,2021-11-24,1.59323,2021-11-24,0.00757,2021-11-24,0
2021-11-25,12.67137,2021-11-25,0.15275,2021-11-25,1.65383,2021-11-25,0,2021-11-25,0
2021-11-26,10.97209,2021-11-26,0.15149,2021-11-26,1.47961,2021-11-26,0.00631,2021-11-26,0
2021-11-27,10.19441,2021-11-27,0.13508,2021-11-27,1.23974,2021-11-27,0.01767,2021-11-27,0
2021-11-28,11.22206,2021-11-28,0.13887,2021-11-28,1.22333,2021-11-28,0.00757,2021-11-28,0
2021-11-29,11.00492,2021-11-29,0.15023,2021-11-29,1.60964,2021-11-29,0.00631,2021-11-29,0
2021-11-30,8.70218,2021-11-30,0.14139,2021-11-30,1.85077,2021-11-30,0.00883,2021-11-30,0
2021-12-01,7.88536,2021-12-01,0.1275,2021-12-01,1.75861,2021-12-01,0.00631,2021-12-01,0
2021-12-02,9.88764,2021-12-02,0.12119,2021-12-02,1.72579,2021-12-02,0.01514,2021-12-02,0
2021-12-03,6.56987,2021-12-03,0.13129,2021-12-03,1.43794,2021-12-03,0.00757,2021-12-03,0
2021-12-04,5.2001,2021-12-04,0.12245,2021-12-04,1.16778,2021-12-04,0,2021-12-04,0
2021-12-05,6.10402,2021-12-05,0.12372,2021-12-05,1.31801,2021-12-05,0.00631,2021-12-05,0
2021-12-06,6.72894,2021-12-06,0.11235,2021-12-06,1.60585,2021-12-06,0,2021-12-06,0
2021-12-07,6.20249,2021-12-07,0.11867,2021-12-07,1.66645,2021-12-07,0,2021-12-07,0
2021-12-08,5.84269,2021-12-08,0.14013,2021-12-08,1.59449,2021-12-08,0.00883,2021-12-08,0
2021-12-09,5.60282,2021-12-09,0.14644,2021-12-09,1.50359,2021-12-09,0.00631,2021-12-09,0
2021-12-10,5.32129,2021-12-10,0.1073,2021-12-10,1.60838,2021-12-10,0.01136,2021-12-10,0
2021-12-11,5.19,2021-12-11,0.10857,2021-12-11,1.37608,2021-12-11,0.01136,2021-12-11,0
2021-12-12,6.30854,2021-12-12,0.12372,2021-12-12,1.33442,2021-12-12,0.01262,2021-12-12,0
2021-12-13,6.57997,2021-12-13,0.09342,2021-12-13,1.5907,2021-12-13,0.00757,2021-12-13,0
2021-12-14,6.57366,2021-12-14,0.11109,2021-12-14,1.65383,2021-12-14,0,2021-12-14,0
2021-12-15,5.92601,2021-12-15,0.10099,2021-12-15,1.84067,2021-12-15,0.00631,2021-12-15,0
2021-12-16,5.60409,2021-12-16,0.11109,2021-12-16,1.79144,2021-12-16,0.00757,2021-12-16,0
2021-12-17,4.90089,2021-12-17,0.06817,2021-12-17,1.55535,2021-12-17,0,2021-12-17,0
2021-12-18,4.24946,2021-12-18,0.07701,2021-12-18,1.28392,2021-12-18,0.00757,2021-12-18,0
2021-12-19,5.34023,2021-12-19,0.10099,2021-12-19,1.27256,2021-12-19,0.01009,2021-12-19,0
2021-12-20,5.97399,2021-12-20,0.09342,2021-12-20,1.69928,2021-12-20,0.00631,2021-12-20,0
2021-12-21,5.51698,2021-12-21,0.10604,2021-12-21,1.84951,2021-12-21,0.00631,2021-12-21,0
2021-12-22,5.31751,2021-12-22,0.08079,2021-12-22,1.48466,2021-12-22,0.01388,2021-12-22,0
2021-12-23,5.24554,2021-12-23,0.08079,2021-12-23,1.35336,2021-12-23,0.00883,2021-12-23,0
2021-12-24,4.45145,2021-12-24,0.07701,2021-12-24,1.32685,2021-12-24,0,2021-12-24,0
2021-12-25,4.55498,2021-12-25,0.09216,2021-12-25,1.11854,2021-12-25,0,2021-12-25,0
2021-12-26,5.62302,2021-12-26,0.08711,2021-12-26,1.31422,2021-12-26,0.00631,2021-12-26,0
2021-12-27,6.06236,2021-12-27,0.08079,2021-12-27,1.65761,2021-12-27,0,2021-12-27,0
2021-12-28,6.13432,2021-12-28,0.09216,2021-12-28,1.52253,2021-12-28,0.00883,2021-12-28,0
2021-12-29,5.70887,2021-12-29,0.08206,2021-12-29,1.39881,2021-12-29,0.00757,2021-12-29,0
2021-12-30,5.56242,2021-12-30,0.08206,2021-12-30,1.29907,2021-12-30,0.01136,2021-12-30,0
2021-12-31,5.13824,2021-12-31,0.06186,2021-12-31,1.03269,2021-12-31,0.00883,2021-12-31,0
2022-01-01,5.68236,2022-01-01,0.06691,2022-01-01,0.86983,2022-01-01,0,2022-01-01,0
2022-01-02,7.06981,2022-01-02,0.10604,2022-01-02,1.06173,2022-01-02,0.00631,2022-01-02,0
2022-01-03,7.09632,2022-01-03,0.10225,2022-01-03,1.27382,2022-01-03,0,2022-01-03,0
2022-01-04,6.64057,2022-01-04,0.09847,2022-01-04,1.2713,2022-01-04,0,2022-01-04,0
2022-01-05,6.4916,2022-01-05,0.13255,2022-01-05,1.31927,2022-01-05,0,2022-01-05,0
2022-01-06,6.58376,2022-01-06,0.12372,2022-01-06,1.20818,2022-01-06,0.01136,2022-01-06,0
2022-01-07,6.17977,2022-01-07,0.10099,2022-01-07,1.1804,2022-01-07,0,2022-01-07,0
2022-01-08,6.49412,2022-01-08,0.1073,2022-01-08,1.06299,2022-01-08,0.01388,2022-01-08,0
2022-01-09,7.73765,2022-01-09,0.1376,2022-01-09,1.09834,2022-01-09,0.01388,2022-01-09,0
2022-01-10,6.93725,2022-01-10,0.11362,2022-01-10,1.38745,2022-01-10,0,2022-01-10,0
2022-01-11,6.65951,2022-01-11,0.10478,2022-01-11,1.31422,2022-01-11,0,2022-01-11,0
2022-01-12,6.431,2022-01-12,0.14013,2022-01-12,1.32306,2022-01-12,0.00631,2022-01-12,0
2022-01-13,6.47897,2022-01-13,0.12498,2022-01-13,1.26372,2022-01-13,0,2022-01-13,0
2022-01-14,6.04721,2022-01-14,0.13382,2022-01-14,1.28645,2022-01-14,0,2022-01-14,0
2022-01-15,6.00429,2022-01-15,0.13887,2022-01-15,1.0794,2022-01-15,0.00631,2022-01-15,0
2022-01-16,7.19984,2022-01-16,0.14518,2022-01-16,1.09329,2022-01-16,0.00883,2022-01-16,0
2022-01-17,6.3704,2022-01-17,0.09468,2022-01-17,1.2814,2022-01-17,0,2022-01-17,0
2022-01-18,6.71127,2022-01-18,0.13003,2022-01-18,1.25994,2022-01-18,0.00883,2022-01-18,0
2022-01-19,6.60143,2022-01-19,0.11867,2022-01-19,1.25489,2022-01-19,0.01009,2022-01-19,0
2022-01-20,6.13306,2022-01-20,0.09342,2022-01-20,1.23721,2022-01-20,0.00757,2022-01-20,0
2022-01-21,5.76189,2022-01-21,0.08963,2022-01-21,1.22333,2022-01-21,0.00757,2022-01-21,0
2022-01-22,6.03332,2022-01-22,0.10225,2022-01-22,0.96578,2022-01-22,0.01009,2022-01-22,0
2022-01-23,7.16576,2022-01-23,0.12245,2022-01-23,1.18798,2022-01-23,0.01136,2022-01-23,0
2022-01-24,6.90695,2022-01-24,0.11993,2022-01-24,1.44426,2022-01-24,0.00757,2022-01-24,0
2022-01-25,6.30602,2022-01-25,0.11488,2022-01-25,1.61595,2022-01-25,0.01136,2022-01-25,0
2022-01-26,6.00302,2022-01-26,0.1073,2022-01-26,1.38492,2022-01-26,0.01136,2022-01-26,0
2022-01-27,5.64575,2022-01-27,0.11488,2022-01-27,1.23343,2022-01-27,0.00883,2022-01-27,0
2022-01-28,4.81883,2022-01-28,0.08584,2022-01-28,1.00239,2022-01-28,0.00631,2022-01-28,0
2022-01-29,4.86175,2022-01-29,0.08206,2022-01-29,0.91276,2022-01-29,0,2022-01-29,0
2022-01-30,5.79977,2022-01-30,0.09089,2022-01-30,0.91276,2022-01-30,0.00631,2022-01-30,0
2022-01-31,5.68488,2022-01-31,0.11488,2022-01-31,0.90518,2022-01-31,0.00757,2022-01-31,0
2022-02-01,6.42848,2022-02-01,0.09089,2022-02-01,0.82312,2022-02-01,0,2022-02-01,0
2022-02-02,7.55333,2022-02-02,0.10099,2022-02-02,1.02638,2022-02-02,0.00757,2022-02-02,0
2022-02-03,7.00669,2022-02-03,0.11235,2022-02-03,1.1299,2022-02-03,0,2022-02-03,0
2022-02-04,7.34755,2022-02-04,0.07827,2022-02-04,1.26625,2022-02-04,0.00631,2022-02-04,0
2022-02-05,6.73778,2022-02-05,0.11488,2022-02-05,1.28519,2022-02-05,0.01009,2022-02-05,0
2022-02-06,8.09746,2022-02-06,0.10983,2022-02-06,1.1905,2022-02-06,0.01136,2022-02-06,0
2022-02-07,7.48516,2022-02-07,0.11614,2022-02-07,1.26372,2022-02-07,0,2022-02-07,0
2022-02-08,6.79712,2022-02-08,0.11362,2022-02-08,1.37987,2022-02-08,0,2022-02-08,0
2022-02-09,6.88928,2022-02-09,0.13255,2022-02-09,1.37356,2022-02-09,0,2022-02-09,0
2022-02-10,6.99154,2022-02-10,0.16538,2022-02-10,1.2612,2022-02-10,0.00631,2022-02-10,0
2022-02-11,6.53579,2022-02-11,0.14265,2022-02-11,1.28897,2022-02-11,0.01767,2022-02-11,0
2022-02-12,8.07978,2022-02-12,0.14392,2022-02-12,1.12359,2022-02-12,0,2022-02-12,0
2022-02-13,8.87135,2022-02-13,0.16159,2022-02-13,1.22585,2022-02-13,0.01262,2022-02-13,0
2022-02-14,8.70597,2022-02-14,0.1679,2022-02-14,1.58692,2022-02-14,0.01641,2022-02-14,0
2022-02-15,7.92197,2022-02-15,0.12119,2022-02-15,1.43163,2022-02-15,0.02019,2022-02-15,0
2022-02-16,7.46117,2022-02-16,0.14518,2022-02-16,1.41396,2022-02-16,0.00631,2022-02-16,0
2022-02-17,9.6869,2022-02-17,0.10857,2022-02-17,1.29402,2022-02-17,0,2022-02-17,0
2022-02-18,9.51647,2022-02-18,0.12624,2022-02-18,1.29655,2022-02-18,0,2022-02-18,0
2022-02-19,8.05958,2022-02-19,0.12624,2022-02-19,1.1905,2022-02-19,0.01388,2022-02-19,0
2022-02-20,10.08711,2022-02-20,0.1376,2022-02-20,1.09834,2022-02-20,0.01136,2022-02-20,0
2022-02-21,8.98497,2022-02-21,0.1477,2022-02-21,1.34452,2022-02-21,0.00631,2022-02-21,0
2022-02-22,8.67819,2022-02-22,0.10352,2022-02-22,1.34705,2022-02-22,0.00631,2022-02-22,0
2022-02-23,8.40171,2022-02-23,0.13382,2022-02-23,1.35083,2022-02-23,0.00757,2022-02-23,0
2022-02-24,7.71114,2022-02-24,0.13382,2022-02-24,1.41522,2022-02-24,0,2022-02-24,0
2022-02-25,7.43592,2022-02-25,0.12119,2022-02-25,1.42658,2022-02-25,0,2022-02-25,0
2022-02-26,7.40436,2022-02-26,0.12119,2022-02-26,1.35715,2022-02-26,0,2022-02-26,0
2022-02-27,8.58603,2022-02-27,0.14013,2022-02-27,1.31422,2022-02-27,0.00631,2022-02-27,0
2022-02-28,9.05693,2022-02-28,0.13887,2022-02-28,1.57682,2022-02-28,0.00631,2022-02-28,0
2022-03-01,10.4305,2022-03-01,0.16285,2022-03-01,1.82047,2022-03-01,0,2022-03-01,0
2022-03-02,10.16159,2022-03-02,0.11109,2022-03-02,1.51874,2022-03-02,0.00883,2022-03-02,0
2022-03-03,10.32697,2022-03-03,0.16159,2022-03-03,1.61974,2022-03-03,0.01262,2022-03-03,0
2022-03-04,9.67807,2022-03-04,0.10099,2022-03-04,1.74346,2022-03-04,0.00757,2022-03-04,0
2022-03-05,8.67567,2022-03-05,0.14265,2022-03-05,1.40386,2022-03-05,0.01136,2022-03-05,0
2022-03-06,11.28771,2022-03-06,0.13508,2022-03-06,1.54399,2022-03-06,0.01262,2022-03-06,0
2022-03-07,11.03396,2022-03-07,0.13129,2022-03-07,1.90884,2022-03-07,0,2022-03-07,0
2022-03-08,9.68817,2022-03-08,0.14392,2022-03-08,1.71947,2022-03-08,0.01009,2022-03-08,0
2022-03-09,7.94722,2022-03-09,0.13508,2022-03-09,1.52505,2022-03-09,0.00631,2022-03-09,0
2022-03-10,11.43542,2022-03-10,0.10983,2022-03-10,2.05403,2022-03-10,0.01262,2022-03-10,0
2022-03-11,24.17119,2022-03-11,0.17169,2022-03-11,2.39111,2022-03-11,0.01514,2022-03-11,0
2022-03-12,20.67163,2022-03-12,0.25375,2022-03-12,2.93144,2022-03-12,0.01514,2022-03-12,0
2022-03-13,20.60977,2022-03-13,0.24491,2022-03-13,3.60308,2022-03-13,0.01009,2022-03-13,0
2022-03-14,21.52505,2022-03-14,0.21461,2022-03-14,3.42254,2022-03-14,0.00883,2022-03-14,0
2022-03-15,21.01249,2022-03-15,0.14139,2022-03-15,2.92261,2022-03-15,0.01388,2022-03-15,0
2022-03-16,19.89395,2022-03-16,0.18053,2022-03-16,2.53377,2022-03-16,0.01514,2022-03-16,0
2022-03-17,17.4839,2022-03-17,0.15528,2022-03-17,2.32041,2022-03-17,0.00757,2022-03-17,0
2022-03-18,16.16841,2022-03-18,0.17043,2022-03-18,2.102,2022-03-18,0.01136,2022-03-18,0
2022-03-19,19.08471,2022-03-19,0.13887,2022-03-19,1.85077,2022-03-19,0.00757,2022-03-19,0
2022-03-20,23.67251,2022-03-20,0.16538,2022-03-20,1.95808,2022-03-20,0.01893,2022-03-20,0
2022-03-21,28.60876,2022-03-21,0.17295,2022-03-21,2.2333,2022-03-21,0.01767,2022-03-21,0
2022-03-22,24.21411,2022-03-22,0.17422,2022-03-22,2.13735,2022-03-22,0.00757,2022-03-22,0
2022-03-23,20.7701,2022-03-23,0.17295,2022-03-23,2.10074,2022-03-23,0.01262,2022-03-23,0
2022-03-24,18.456,2022-03-24,0.20451,2022-03-24,2.18154,2022-03-24,0.01641,2022-03-24,0
2022-03-25,18.32849,2022-03-25,0.17927,2022-03-25,2.02247,2022-03-25,0.02272,2022-03-25,0
2022-03-26,17.02689,2022-03-26,0.19063,2022-03-26,2.10453,2022-03-26,0.01514,2022-03-26,0
2022-03-27,21.74851,2022-03-27,0.2184,2022-03-27,1.96439,2022-03-27,0.01514,2022-03-27,0
2022-03-28,24.01211,2022-03-28,0.2487,2022-03-28,2.33808,2022-03-28,0.01514,2022-03-28,0
2022-03-29,22.49337,2022-03-29,0.2184,2022-03-29,2.19416,2022-03-29,0.01009,2022-03-29,0
2022-03-30,21.16778,2022-03-30,0.26133,2022-03-30,2.44539,2022-03-30,0.01136,2022-03-30,0
2022-03-31,20.04797,2022-03-31,0.20325,2022-03-31,2.28001,2022-03-31,0.01388,2022-03-31,0
2022-04-01,20.64764,2022-04-01,0.19946,2022-04-01,1.86971,2022-04-01,0.01136,2022-04-01,0
2022-04-02,20.50119,2022-04-02,0.23103,2022-04-02,1.59197,2022-04-02,0.02146,2022-04-02,0
2022-04-03,23.67882,2022-04-03,0.22598,2022-04-03,1.71947,2022-04-03,0.01641,2022-04-03,0
2022-04-04,23.95278,2022-04-04,0.2083,2022-04-04,2.30273,2022-04-04,0.01641,2022-04-04,0
2022-04-05,22.89988,2022-04-05,0.2386,2022-04-05,2.22951,2022-04-05,0.01514,2022-04-05,0
2022-04-06,25.73033,2022-04-06,0.28153,2022-04-06,2.23582,2022-04-06,0.01641,2022-04-06,0
2022-04-07,22.71682,2022-04-07,0.31309,2022-04-07,2.10579,2022-04-07,0.01893,2022-04-07,0
2022-04-08,18.68577,2022-04-08,0.2487,2022-04-08,2.05782,2022-04-08,0.01767,2022-04-08,0
2022-04-09,16.98522,2022-04-09,0.22724,2022-04-09,1.80911,2022-04-09,0.02777,2022-04-09,0
2022-04-10,20.93422,2022-04-10,0.23986,2022-04-10,2.21562,2022-04-10,0.01136,2022-04-10,0
2022-04-11,23.66115,2022-04-11,0.29036,2022-04-11,3.98182,2022-04-11,0.01388,2022-04-11,0
2022-04-12,23.24832,2022-04-12,0.32571,2022-04-12,5.69751,2022-04-12,0.00631,2022-04-12,0
2022-04-13,23.5147,2022-04-13,0.32571,2022-04-13,3.55889,2022-04-13,0.02903,2022-04-13,0
2022-04-14,24.95391,2022-04-14,0.29667,2022-04-14,2.64991,2022-04-14,0.01641,2022-04-14,0
2022-04-15,26.88549,2022-04-15,0.28657,2022-04-15,2.25729,2022-04-15,0.03534,2022-04-15,0
2022-04-16,23.66494,2022-04-16,0.30551,2022-04-16,1.89622,2022-04-16,0.02903,2022-04-16,0
2022-04-17,27.29832,2022-04-17,0.29036,2022-04-17,2.1121,2022-04-17,0.03913,2022-04-17,0
2022-04-18,33.32407,2022-04-18,0.2588,2022-04-18,2.47191,2022-04-18,0.03913,2022-04-18,0
2022-04-19,32.16008,2022-04-19,0.28531,2022-04-19,2.31031,2022-04-19,0.03661,2022-04-19,0
2022-04-20,29.11122,2022-04-20,0.36485,2022-04-20,2.40626,2022-04-20,0.00757,2022-04-20,0
2022-04-21,27.26549,2022-04-21,0.31182,2022-04-21,2.44287,2022-04-21,0.03408,2022-04-21,0
2022-04-22,23.60308,2022-04-22,0.33581,2022-04-22,3.04128,2022-04-22,0.03661,2022-04-22,0
2022-04-23,26.10402,2022-04-23,0.36359,2022-04-23,2.34818,2022-04-23,0.03661,2022-04-23,0
2022-04-24,31.91516,2022-04-24,0.31309,2022-04-24,3.38846,2022-04-24,0.02777,2022-04-24,0
2022-04-25,32.93902,2022-04-25,0.2992,2022-04-25,7.56722,2022-04-25,0.02651,2022-04-25,0
2022-04-26,30.14518,2022-04-26,0.32319,2022-04-26,5.40462,2022-04-26,0.02651,2022-04-26,0
2022-04-27,28.25274,2022-04-27,0.29541,2022-04-27,3.08673,2022-04-27,0.02272,2022-04-27,0
2022-04-28,27.88915,2022-04-28,0.36611,2022-04-28,2.81782,2022-04-28,0.03029,2022-04-28,0
2022-04-29,25.56874,2022-04-29,0.30046,2022-04-29,2.54892,2022-04-29,0.03282,2022-04-29,0
2022-04-30,23.65357,2022-04-30,0.30677,2022-04-30,1.88107,2022-04-30,0.02398,2022-04-30,0
2022-05-01,28.85494,2022-05-01,0.35222,2022-05-01,2.0212,2022-05-01,0.03913,2022-05-01,0
2022-05-02,30.06312,2022-05-02,0.32571,2022-05-02,2.48327,2022-05-02,0.02398,2022-05-02,0
2022-05-03,28.21613,2022-05-03,0.37747,2022-05-03,2.25097,2022-05-03,0.03156,2022-05-03,0
2022-05-04,25.11172,2022-05-04,0.36864,2022-05-04,2.02625,2022-05-04,0.02272,2022-05-04,0
2022-05-05,25.77199,2022-05-05,0.32824,2022-05-05,1.76619,2022-05-05,0.02777,2022-05-05,0
2022-05-06,31.53263,2022-05-06,0.32319,2022-05-06,2.52998,2022-05-06,0.03029,2022-05-06,0
2022-05-07,29.86617,2022-05-07,0.28026,2022-05-07,2.30652,2022-05-07,0.04166,2022-05-07,0
2022-05-08,33.16374,2022-05-08,0.36737,2022-05-08,1.98333,2022-05-08,0.04039,2022-05-08,0
2022-05-09,48.16563,2022-05-09,0.35096,2022-05-09,2.54513,2022-05-09,0.04544,2022-05-09,0
2022-05-10,49.9899,2022-05-10,0.36359,2022-05-10,2.7143,2022-05-10,0.02272,2022-05-10,0
2022-05-11,44.27597,2022-05-11,0.38252,2022-05-11,2.75217,2022-05-11,0.04418,2022-05-11,0
2022-05-12,38.92059,2022-05-12,0.33707,2022-05-12,3.09051,2022-05-12,0.03787,2022-05-12,0
2022-05-13,36.1823,2022-05-13,0.49236,2022-05-13,2.52619,2022-05-13,0.03787,2022-05-13,0
2022-05-14,33.99065,2022-05-14,0.44186,2022-05-14,1.90506,2022-05-14,0.04292,2022-05-14,0
2022-05-15,39.91036,2022-05-15,0.50624,2022-05-15,2.10958,2022-05-15,0.02777,2022-05-15,0
2022-05-16,48.13533,2022-05-16,0.44565,2022-05-16,2.64739,2022-05-16,0.03661,2022-05-16,0
2022-05-17,54.78096,2022-05-17,0.42545,2022-05-17,2.70925,2022-05-17,0.02651,2022-05-17,0
2022-05-18,47.05971,2022-05-18,0.46837,2022-05-18,2.82792,2022-05-18,0.03156,2022-05-18,0
2022-05-19,43.58288,2022-05-19,0.38,2022-05-19,2.55523,2022-05-19,0.03534,2022-05-19,0
2022-05-20,35.98156,2022-05-20,0.42418,2022-05-20,2.35955,2022-05-20,0.02651,2022-05-20,0
2022-05-21,30.98851,2022-05-21,0.41408,2022-05-21,2.45549,2022-05-21,0.05049,2022-05-21,0
2022-05-22,36.58628,2022-05-22,0.42418,2022-05-22,3.15364,2022-05-22,0.03156,2022-05-22,0
2022-05-23,40.11362,2022-05-23,0.35349,2022-05-23,4.61936,2022-05-23,0.03534,2022-05-23,0
2022-05-24,37.24403,2022-05-24,0.45196,2022-05-24,3.80002,2022-05-24,0.03534,2022-05-24,0
2022-05-25,35.78209,2022-05-25,0.46837,2022-05-25,3.27736,2022-05-25,0.02272,2022-05-25,0
2022-05-26,42.16513,2022-05-26,0.47342,2022-05-26,2.81908,2022-05-26,0.02903,2022-05-26,0
2022-05-27,51.94167,2022-05-27,0.38631,2022-05-27,2.25097,2022-05-27,0.01641,2022-05-27,0
2022-05-28,38.09619,2022-05-28,0.4204,2022-05-28,2.1424,2022-05-28,0.02272,2022-05-28,0
2022-05-29,42.2737,2022-05-29,0.45322,2022-05-29,2.90619,2022-05-29,0.03282,2022-05-29,0
2022-05-30,51.34957,2022-05-30,0.45448,2022-05-30,4.81883,2022-05-30,0.02524,2022-05-30,0
2022-05-31,43.26473,2022-05-31,0.35475,2022-05-31,2.59689,2022-05-31,0.03661,2022-05-31,0
2022-06-01,40.98219,2022-06-01,0.40398,2022-06-01,2.40499,2022-06-01,0.02903,2022-06-01,0
2022-06-02,45.81239,2022-06-02,0.44943,2022-06-02,3.23822,2022-06-02,0.03156,2022-06-02,0
2022-06-03,46.66834,2022-06-03,0.44691,2022-06-03,3.73058,2022-06-03,0.02903,2022-06-03,0
2022-06-04,36.07499,2022-06-04,0.36864,2022-06-04,4.06135,2022-06-04,0.02903,2022-06-04,0
2022-06-05,37.46622,2022-06-05,0.38252,2022-06-05,2.87716,2022-06-05,0.03408,2022-06-05,0
2022-06-06,42.93018,2022-06-06,0.42166,2022-06-06,2.6436,2022-06-06,0.04671,2022-06-06,0
2022-06-07,46.30602,2022-06-07,0.38252,2022-06-07,2.68021,2022-06-07,0.03661,2022-06-07,0
2022-06-08,48.37141,2022-06-08,0.41408,2022-06-08,2.81277,2022-06-08,0.02903,2022-06-08,0
2022-06-09,41.86971,2022-06-09,0.38883,2022-06-09,3.09178,2022-06-09,0.02272,2022-06-09,0
2022-06-10,39.06198,2022-06-10,0.35475,2022-06-10,3.24832,2022-06-10,0.02524,2022-06-10,0
2022-06-11,33.99444,2022-06-11,0.32066,2022-06-11,2.79762,2022-06-11,0.02019,2022-06-11,0
2022-06-12,40.71076,2022-06-12,0.4103,2022-06-12,3.10693,2022-06-12,0.04166,2022-06-12,0
2022-06-13,43.84042,2022-06-13,0.41282,2022-06-13,4.00959,2022-06-13,0.04797,2022-06-13,0
2022-06-14,38.04948,2022-06-14,0.4002,2022-06-14,2.90493,2022-06-14,0.03156,2022-06-14,0
2022-06-15,35.41598,2022-06-15,0.39641,2022-06-15,3.3266,2022-06-15,0.05176,2022-06-15,0
2022-06-16,34.69258,2022-06-16,0.38126,2022-06-16,3.26978,2022-06-16,0.02146,2022-06-16,0
2022-06-17,32.18785,2022-06-17,0.41282,2022-06-17,4.62062,2022-06-17,0.04039,2022-06-17,0
2022-06-18,29.03926,2022-06-18,0.38378,2022-06-18,7.04204,2022-06-18,0.05049,2022-06-18,0
2022-06-19,38.66178,2022-06-19,0.41156,2022-06-19,10.57189,2022-06-19,0.05681,2022-06-19,0
2022-06-20,42.08307,2022-06-20,0.40651,2022-06-20,14.30627,2022-06-20,0.05554,2022-06-20,0
2022-06-21,37.71745,2022-06-21,0.36864,2022-06-21,10.14392,2022-06-21,0.05302,2022-06-21,0
2022-06-22,40.55043,2022-06-22,0.37116,2022-06-22,7.07486,2022-06-22,0.04292,2022-06-22,0
2022-06-23,31.44678,2022-06-23,0.46837,2022-06-23,10.07069,2022-06-23,0.05302,2022-06-23,0
2022-06-24,28.90165,2022-06-24,0.38252,2022-06-24,7.41446,2022-06-24,0.03029,2022-06-24,0
2022-06-25,27.75407,2022-06-25,0.35475,2022-06-25,7.96111,2022-06-25,0.03661,2022-06-25,0
2022-06-26,33.80633,2022-06-26,0.40146,2022-06-26,14.60421,2022-06-26,0.04671,2022-06-26,0
2022-06-27,37.11147,2022-06-27,0.4204,2022-06-27,22.79131,2022-06-27,0.05302,2022-06-27,0
2022-06-28,35.2001,2022-06-28,0.40903,2022-06-28,13.33796,2022-06-28,0.04166,2022-06-28,0
2022-06-29,41.09708,2022-06-29,0.40272,2022-06-29,12.27496,2022-06-29,0.05176,2022-06-29,0
2022-06-30,32.72819,2022-06-30,0.41535,2022-06-30,8.45095,2022-06-30,0.03156,2022-06-30,0
2022-07-01,32.15755,2022-07-01,0.33581,2022-07-01,9.04305,2022-07-01,0.03534,2022-07-01,0
2022-07-02,28.74763,2022-07-02,0.36359,2022-07-02,6.81353,2022-07-02,0.02651,2022-07-02,0
2022-07-03,35.19883,2022-07-03,0.44186,2022-07-03,5.76694,2022-07-03,0.05933,2022-07-03,0
2022-07-04,38.29314,2022-07-04,0.35349,2022-07-04,6.98901,2022-07-04,0.05933,2022-07-04,0
2022-07-05,34.99936,2022-07-05,0.45196,2022-07-05,7.83613,2022-07-05,0.04671,2022-07-05,0
2022-07-06,33.30892,2022-07-06,0.45196,2022-07-06,7.79573,2022-07-06,0.04039,2022-07-06,0
2022-07-07,31.52379,2022-07-07,0.40146,2022-07-07,8.3651,2022-07-07,0.03661,2022-07-07,0
2022-07-08,28.09872,2022-07-08,0.36611,2022-07-08,6.42974,2022-07-08,0.05302,2022-07-08,0
2022-07-09,24.14846,2022-07-09,0.38378,2022-07-09,4.76454,2022-07-09,0.04039,2022-07-09,0
2022-07-10,30.25754,2022-07-10,0.38631,2022-07-10,4.33783,2022-07-10,0.06943,2022-07-10,0
2022-07-11,33.83158,2022-07-11,0.38,2022-07-11,5.08016,2022-07-11,0.03913,2022-07-11,0
2022-07-12,34.54614,2022-07-12,0.32066,2022-07-12,5.10162,2022-07-12,0.05933,2022-07-12,0
2022-07-13,29.55939,2022-07-13,0.39136,2022-07-13,4.58022,2022-07-13,0.05176,2022-07-13,0
2022-07-14,28.80696,2022-07-14,0.4103,2022-07-14,5.28468,2022-07-14,0.04797,2022-07-14,0
2022-07-15,25.67983,2022-07-15,0.36485,2022-07-15,4.05756,2022-07-15,0.04166,2022-07-15,0
2022-07-16,22.54134,2022-07-16,0.31435,2022-07-16,3.09304,2022-07-16,0.04923,2022-07-16,0
2022-07-17,29.86491,2022-07-17,0.33329,2022-07-17,3.46799,2022-07-17,0.04166,2022-07-17,0
2022-07-18,32.61456,2022-07-18,0.43302,2022-07-18,4.17497,2022-07-18,0.06817,2022-07-18,0
2022-07-19,30.44312,2022-07-19,0.42292,2022-07-19,4.32268,2022-07-19,0.04797,2022-07-19,0
2022-07-20,27.84496,2022-07-20,0.40651,2022-07-20,3.85178,2022-07-20,0.05554,2022-07-20,0
2022-07-21,24.98926,2022-07-21,0.35349,2022-07-21,3.46547,2022-07-21,0.06186,2022-07-21,0.00631
2022-07-22,23.01224,2022-07-22,0.35096,2022-07-22,3.17131,2022-07-22,0.06438,2022-07-22,0
2022-07-23,22.74334,2022-07-23,0.33076,2022-07-23,2.90998,2022-07-23,0.03913,2022-07-23,0
2022-07-24,27.65812,2022-07-24,0.35727,2022-07-24,4.29491,2022-07-24,0.07196,2022-07-24,0
2022-07-25,30.41156,2022-07-25,0.34591,2022-07-25,4.75066,2022-07-25,0.03913,2022-07-25,0
2022-07-26,27.01679,2022-07-26,0.3598,2022-07-26,4.35172,2022-07-26,0.02903,2022-07-26,0
2022-07-27,25.42482,2022-07-27,0.28784,2022-07-27,3.83032,2022-07-27,0.05681,2022-07-27,0
2022-07-28,22.82287,2022-07-28,0.42418,2022-07-28,3.71165,2022-07-28,0.04166,2022-07-28,0
2022-07-29,22.32925,2022-07-29,0.33455,2022-07-29,4.26966,2022-07-29,0.04292,2022-07-29,0
2022-07-30,20.64638,2022-07-30,0.36106,2022-07-30,4.01464,2022-07-30,0.04418,2022-07-30,0
2022-07-31,23.79876,2022-07-31,0.38126,2022-07-31,4.81378,2022-07-31,0.04671,2022-07-31,0
2022-08-01,25.87804,2022-08-01,0.39136,2022-08-01,5.4892,2022-08-01,0.03787,2022-08-01,0
2022-08-02,24.62189,2022-08-02,0.36106,2022-08-02,6.48781,2022-08-02,0.05176,2022-08-02,0
2022-08-03,26.07877,2022-08-03,0.46585,2022-08-03,6.35399,2022-08-03,0.03787,2022-08-03,0
2022-08-04,27.28443,2022-08-04,0.45322,2022-08-04,5.23292,2022-08-04,0.07574,2022-08-04,0
2022-08-05,23.71796,2022-08-05,0.42292,2022-08-05,5.22408,2022-08-05,0.04039,2022-08-05,0
2022-08-06,21.90127,2022-08-06,0.44565,2022-08-06,7.59626,2022-08-06,0.04544,2022-08-06,0
2022-08-07,27.24529,2022-08-07,0.45953,2022-08-07,6.71884,2022-08-07,0.05428,2022-08-07,0
2022-08-08,26.89433,2022-08-08,0.38505,2022-08-08,5.80356,2022-08-08,0.05681,2022-08-08,0.00631
2022-08-09,24.16109,2022-08-09,0.34591,2022-08-09,4.40348,2022-08-09,0.05554,2022-08-09,0
2022-08-10,24.46787,2022-08-10,0.34591,2022-08-10,4.16361,2022-08-10,0.05428,2022-08-10,0
2022-08-11,23.5753,2022-08-11,0.35349,2022-08-11,3.95278,2022-08-11,0.05681,2022-08-11,0
2022-08-12,22.95669,2022-08-12,0.33329,2022-08-12,4.03736,2022-08-12,0.05302,2022-08-12,0
2022-08-13,21.02133,2022-08-13,0.29036,2022-08-13,3.39098,2022-08-13,0.04418,2022-08-13,0
2022-08-14,29.91162,2022-08-14,0.32066,2022-08-14,4.09544,2022-08-14,0.04418,2022-08-14,0
2022-08-15,33.06905,2022-08-15,0.36359,2022-08-15,4.7494,2022-08-15,0.05933,2022-08-15,0
2022-08-16,31.65635,2022-08-16,0.31814,2022-08-16,4.47418,2022-08-16,0.06186,2022-08-16,0
2022-08-17,28.80444,2022-08-17,0.2891,2022-08-17,3.82022,2022-08-17,0.05176,2022-08-17,0
2022-08-18,27.5041,2022-08-18,0.30425,2022-08-18,3.26978,2022-08-18,0.03534,2022-08-18,0
2022-08-19,23.50713,2022-08-19,0.36864,2022-08-19,4.13457,2022-08-19,0.04671,2022-08-19,0
2022-08-20,23.67882,2022-08-20,0.33329,2022-08-20,4.54614,2022-08-20,0.05428,2022-08-20,0
2022-08-21,28.78424,2022-08-21,0.33581,2022-08-21,3.78866,2022-08-21,0.04292,2022-08-21,0
2022-08-22,29.52783,2022-08-22,0.33202,2022-08-22,4.01716,2022-08-22,0.05681,2022-08-22,0
2022-08-23,28.90796,2022-08-23,0.36864,2022-08-23,3.81643,2022-08-23,0.05681,2022-08-23,0
2022-08-24,33.86441,2022-08-24,0.38252,2022-08-24,3.35311,2022-08-24,0.07701,2022-08-24,0
2022-08-25,33.58161,2022-08-25,0.34591,2022-08-25,2.93776,2022-08-25,0.05302,2022-08-25,0
2022-08-26,25.99924,2022-08-26,0.36106,2022-08-26,2.49842,2022-08-26,0.04039,2022-08-26,0
2022-08-27,23.19025,2022-08-27,0.35096,2022-08-27,2.46054,2022-08-27,0.05554,2022-08-27,0
2022-08-28,29.72856,2022-08-28,0.3598,2022-08-28,2.27749,2022-08-28,0.05807,2022-08-28,0
2022-08-29,33.04633,2022-08-29,0.37621,2022-08-29,2.66254,2022-08-29,0.05302,2022-08-29,0
2022-08-30,28.21739,2022-08-30,0.31435,2022-08-30,2.59184,2022-08-30,0.04039,2022-08-30,0
2022-08-31,39.67807,2022-08-31,0.32697,2022-08-31,3.07789,2022-08-31,0.05302,2022-08-31,0
2022-09-01,37.71493,2022-09-01,0.31182,2022-09-01,3.17636,2022-09-01,0.05681,2022-09-01,0
2022-09-02,34.48933,2022-09-02,0.29162,2022-09-02,2.48705,2022-09-02,0.04797,2022-09-02,0
2022-09-03,30.88246,2022-09-03,0.27016,2022-09-03,1.99217,2022-09-03,0.04671,2022-09-03,0
2022-09-04,33.99697,2022-09-04,0.27774,2022-09-04,3.39351,2022-09-04,0.07196,2022-09-04,0
2022-09-05,34.17371,2022-09-05,0.27774,2022-09-05,3.75836,2022-09-05,0.04797,2022-09-05,0
2022-09-06,36.43858,2022-09-06,0.25628,2022-09-06,3.13596,2022-09-06,0.05554,2022-09-06,0
2022-09-07,48.40171,2022-09-07,0.33329,2022-09-07,2.86832,2022-09-07,0.05302,2022-09-07,0
2022-09-08,33.82148,2022-09-08,0.30677,2022-09-08,2.21562,2022-09-08,0.03787,2022-09-08,0
2022-09-09,29.13016,2022-09-09,0.24996,2022-09-09,1.58187,2022-09-09,0.04292,2022-09-09,0
2022-09-10,33.0337,2022-09-10,0.22724,2022-09-10,1.34957,2022-09-10,0.05428,2022-09-10,0
2022-09-11,35.58389,2022-09-11,0.27269,2022-09-11,2.10453,2022-09-11,0.06438,2022-09-11,0
2022-09-12,45.10541,2022-09-12,0.34212,2022-09-12,3.37331,2022-09-12,0.05554,2022-09-12,0
2022-09-13,61.62731,2022-09-13,0.38883,2022-09-13,4.08155,2022-09-13,0.06186,2022-09-13,0
2022-09-14,63.81264,2022-09-14,0.41535,2022-09-14,2.97563,2022-09-14,0.08584,2022-09-14,0
2022-09-15,66.05731,2022-09-15,0.38378,2022-09-15,2.99204,2022-09-15,0.06691,2022-09-15,0
2022-09-16,58.30198,2022-09-16,0.40777,2022-09-16,4.65471,2022-09-16,0.04671,2022-09-16,0
2022-09-17,42.45171,2022-09-17,0.35349,2022-09-17,5.99293,2022-09-17,0.04418,2022-09-17,0
2022-09-18,48.60623,2022-09-18,0.46711,2022-09-18,5.45385,2022-09-18,0.08837,2022-09-18,0
2022-09-19,61.78639,2022-09-19,0.35222,2022-09-19,4.0866,2022-09-19,0.09594,2022-09-19,0
2022-09-20,58.2843,2022-09-20,0.46206,2022-09-20,2.86074,2022-09-20,0.08206,2022-09-20,0
2022-09-21,55.68993,2022-09-21,0.45575,2022-09-21,2.73702,2022-09-21,0.07827,2022-09-21,0
2022-09-22,56.64183,2022-09-22,0.44943,2022-09-22,2.57669,2022-09-22,0.06312,2022-09-22,0
2022-09-23,100.0,2022-09-23,0.44565,2022-09-23,2.2131,2022-09-23,0.06817,2022-09-23,0
2022-09-24,47.82603,2022-09-24,0.49236,2022-09-24,2.08433,2022-09-24,0.06817,2022-09-24,0
2022-09-25,47.07486,2022-09-25,0.47847,2022-09-25,2.03509,2022-09-25,0.07322,2022-09-25,0
2022-09-26,53.07284,2022-09-26,0.4709,2022-09-26,2.56533,2022-09-26,0.0972,2022-09-26,0
2022-09-27,43.75205,2022-09-27,0.4103,2022-09-27,2.55397,2022-09-27,0.1073,2022-09-27,0
2022-09-28,40.0972,2022-09-28,0.44438,2022-09-28,2.85948,2022-09-28,0.07196,2022-09-28,0
2022-09-29,36.30854,2022-09-29,0.40146,2022-09-29,3.01477,2022-09-29,0.07196,2022-09-29,0
2022-09-30,32.94786,2022-09-30,0.48099,2022-09-30,2.70167,2022-09-30,0.06943,2022-09-30,0
2022-10-01,30.68551,2022-10-01,0.43302,2022-10-01,2.17523,2022-10-01,0.08332,2022-10-01,0
2022-10-02,33.45789,2022-10-02,0.50877,2022-10-02,2.14871,2022-10-02,0.08206,2022-10-02,0
2022-10-03,38.00782,2022-10-03,0.58704,2022-10-03,4.79106,2022-10-03,0.1073,2022-10-03,0
2022-10-04,42.22825,2022-10-04,0.54791,2022-10-04,4.84282,2022-10-04,0.10857,2022-10-04,0
2022-10-05,33.35942,2022-10-05,0.48226,2022-10-05,2.91377,2022-10-05,0.05681,2022-10-05,0
2022-10-06,31.20313,2022-10-06,0.48604,2022-10-06,2.52745,2022-10-06,0.09973,2022-10-06,0
2022-10-07,27.96111,2022-10-07,0.50877,2022-10-07,2.1525,2022-10-07,0.06059,2022-10-07,0
2022-10-08,24.54993,2022-10-08,0.42418,2022-10-08,1.77629,2022-10-08,0.05933,2022-10-08,0
2022-10-09,29.35487,2022-10-09,0.42797,2022-10-09,1.85835,2022-10-09,0.07069,2022-10-09,0
2022-10-10,36.69612,2022-10-10,0.47595,2022-10-10,2.24087,2022-10-10,0.05049,2022-10-10,0
2022-10-11,46.58123,2022-10-11,0.39641,2022-10-11,2.67137,2022-10-11,0.06312,2022-10-11,0
2022-10-12,37.90304,2022-10-12,0.39641,2022-10-12,2.48832,2022-10-12,0.06943,2022-10-12,0
2022-10-13,31.66266,2022-10-13,0.45448,2022-10-13,2.28632,2022-10-13,0.08458,2022-10-13,0
2022-10-14,31.35083,2022-10-14,0.46585,2022-10-14,2.28632,2022-10-14,0.07701,2022-10-14,0
2022-10-15,29.51142,2022-10-15,0.41913,2022-10-15,2.0818,2022-10-15,0.08963,2022-10-15,0
2022-10-16,33.38467,2022-10-16,0.4305,2022-10-16,2.26739,2022-10-16,0.09973,2022-10-16,0
2022-10-17,33.57025,2022-10-17,0.44438,2022-10-17,2.63098,2022-10-17,0.06564,2022-10-17,0
2022-10-18,31.74094,2022-10-18,0.42166,2022-10-18,2.63603,2022-10-18,0.07069,2022-10-18,0
2022-10-19,29.9697,2022-10-19,0.38252,2022-10-19,2.36586,2022-10-19,0.09089,2022-10-19,0
2022-10-20,28.33606,2022-10-20,0.38883,2022-10-20,2.16891,2022-10-20,0.08584,2022-10-20,0
2022-10-21,27.96742,2022-10-21,0.42797,2022-10-21,2.06665,2022-10-21,0.07322,2022-10-21,0
2022-10-22,24.92614,2022-10-22,0.3093,2022-10-22,1.83815,2022-10-22,0.06438,2022-10-22,0
2022-10-23,32.76227,2022-10-23,0.38505,2022-10-23,1.96566,2022-10-23,0.09847,2022-10-23,0
2022-10-24,31.77881,2022-10-24,0.4204,2022-10-24,2.44034,2022-10-24,0.09847,2022-10-24,0
2022-10-25,31.05037,2022-10-25,0.38,2022-10-25,2.31788,2022-10-25,0.06943,2022-10-25,0
2022-10-26,30.05807,2022-10-26,0.33076,2022-10-26,2.19164,2022-10-26,0.08458,2022-10-26,0
2022-10-27,27.58363,2022-10-27,0.31814,2022-10-27,2.21436,2022-10-27,0.08206,2022-10-27,0
2022-10-28,25.25943,2022-10-28,0.29036,2022-10-28,1.98838,2022-10-28,0.05302,2022-10-28,0
2022-10-29,24.24188,2022-10-29,0.27016,2022-10-29,1.54525,2022-10-29,0.05681,2022-10-29,0
2022-10-30,22.482,2022-10-30,0.26511,2022-10-30,1.56293,2022-10-30,0.06438,2022-10-30,0
2022-10-31,25.28847,2022-10-31,0.32571,2022-10-31,2.13988,2022-10-31,0.04923,2022-10-31,0
2022-11-01,25.85658,2022-11-01,0.33581,2022-11-01,2.43151,2022-11-01,0.08206,2022-11-01,0
2022-11-02,25.08269,2022-11-02,0.37495,2022-11-02,2.16008,2022-11-02,0.05554,2022-11-02,0
2022-11-03,25.96515,2022-11-03,0.34339,2022-11-03,2.1222,2022-11-03,0.09594,2022-11-03,0
2022-11-04,24.14089,2022-11-04,0.36611,2022-11-04,1.99343,2022-11-04,0.07322,2022-11-04,0
2022-11-05,24.11059,2022-11-05,0.3396,2022-11-05,1.54273,2022-11-05,0.06312,2022-11-05,0
2022-11-06,29.59474,2022-11-06,0.3699,2022-11-06,1.6513,2022-11-06,0.06564,2022-11-06,0
2022-11-07,31.12738,2022-11-07,0.37116,2022-11-07,2.21436,2022-11-07,0.09216,2022-11-07,0
2022-11-08,28.8966,2022-11-08,0.30804,2022-11-08,2.11084,2022-11-08,0.07069,2022-11-08,0
2022-11-09,29.8384,2022-11-09,0.33202,2022-11-09,2.27875,2022-11-09,0.09594,2022-11-09,0
2022-11-10,28.85115,2022-11-10,0.4305,2022-11-10,2.20174,2022-11-10,0.09089,2022-11-10,0
2022-11-11,27.02057,2022-11-11,0.35854,2022-11-11,1.99974,2022-11-11,0.08458,2022-11-11,0
2022-11-12,27.81845,2022-11-12,0.38757,2022-11-12,1.97828,2022-11-12,0.07827,2022-11-12,0
2022-11-13,34.47796,2022-11-13,0.41535,2022-11-13,2.29516,2022-11-13,0.09468,2022-11-13,0
2022-11-14,35.01199,2022-11-14,0.33834,2022-11-14,2.51483,2022-11-14,0.14013,2022-11-14,0
2022-11-15,31.78765,2022-11-15,0.37495,2022-11-15,2.24087,2022-11-15,0.11109,2022-11-15,0
2022-11-16,30.51256,2022-11-16,0.3699,2022-11-16,2.19038,2022-11-16,0.09216,2022-11-16,0
2022-11-17,29.53036,2022-11-17,0.34844,2022-11-17,1.95429,2022-11-17,0.09216,2022-11-17,0
2022-11-18,28.08736,2022-11-18,0.32697,2022-11-18,1.8634,2022-11-18,0.10983,2022-11-18,0
2022-11-19,27.16197,2022-11-19,0.31435,2022-11-19,1.47834,2022-11-19,0.07701,2022-11-19,0
2022-11-20,32.61709,2022-11-20,0.38631,2022-11-20,1.7624,2022-11-20,0.1275,2022-11-20,0
2022-11-21,34.05883,2022-11-21,0.45322,2022-11-21,2.30526,2022-11-21,0.15402,2022-11-21,0
2022-11-22,31.95051,2022-11-22,0.39515,2022-11-22,2.19164,2022-11-22,0.09216,2022-11-22,0
2022-11-23,30.47342,2022-11-23,0.38378,2022-11-23,2.02499,2022-11-23,0.15023,2022-11-23,0
2022-11-24,27.06855,2022-11-24,0.33707,2022-11-24,1.79017,2022-11-24,0.11109,2022-11-24,0
2022-11-25,26.11665,2022-11-25,0.36485,2022-11-25,1.67908,2022-11-25,0.06691,2022-11-25,0
2022-11-26,26.78702,2022-11-26,0.24239,2022-11-26,1.41901,2022-11-26,0.08584,2022-11-26,0
2022-11-27,33.95657,2022-11-27,0.38505,2022-11-27,1.53642,2022-11-27,0.10225,2022-11-27,0
2022-11-28,31.00744,2022-11-28,0.43176,2022-11-28,2.06034,2022-11-28,0.08458,2022-11-28,0
2022-11-29,29.27281,2022-11-29,0.43176,2022-11-29,2.40626,2022-11-29,0.09468,2022-11-29,0
2022-11-30,27.46875,2022-11-30,0.33834,2022-11-30,2.24466,2022-11-30,0.09468,2022-11-30,0
2022-12-01,27.60888,2022-12-01,0.38126,2022-12-01,2.01363,2022-12-01,0.14265,2022-12-01,0
2022-12-02,27.58111,2022-12-02,0.4002,2022-12-02,1.76619,2022-12-02,0.09216,2022-12-02,0
2022-12-03,23.31523,2022-12-03,0.31687,2022-12-03,1.28897,2022-12-03,0.05428,2022-12-03,0
2022-12-04,32.50599,2022-12-04,0.41156,2022-12-04,1.52632,2022-12-04,0.11488,2022-12-04,0
2022-12-05,32.88978,2022-12-05,0.34465,2022-12-05,1.8331,2022-12-05,0.07701,2022-12-05,0
2022-12-06,32.85065,2022-12-06,0.37874,2022-12-06,1.74725,2022-12-06,0.09089,2022-12-06,0
2022-12-07,30.44186,2022-12-07,0.37369,2022-12-07,1.72074,2022-12-07,0.09594,2022-12-07,0
2022-12-08,30.81934,2022-12-08,0.37116,2022-12-08,1.72957,2022-12-08,0.1073,2022-12-08,0
2022-12-09,29.24378,2022-12-09,0.36611,2022-12-09,1.51748,2022-12-09,0.11488,2022-12-09,0
2022-12-10,30.72213,2022-12-10,0.41282,2022-12-10,1.25489,2022-12-10,0.11488,2022-12-10,0
2022-12-11,36.44615,2022-12-11,0.42292,2022-12-11,1.35083,2022-12-11,0.17169,2022-12-11,0
2022-12-12,36.56735,2022-12-12,0.48731,2022-12-12,1.80911,2022-12-12,0.11614,2022-12-12,0
2022-12-13,31.77629,2022-12-13,0.39515,2022-12-13,1.97323,2022-12-13,0.1275,2022-12-13,0
2022-12-14,29.81946,2022-12-14,0.36611,2022-12-14,1.98333,2022-12-14,0.11109,2022-12-14,0
2022-12-15,28.62769,2022-12-15,0.3497,2022-12-15,2.05529,2022-12-15,0.10478,2022-12-15,0
2022-12-16,29.71973,2022-12-16,0.32192,2022-12-16,1.52884,2022-12-16,0.07701,2022-12-16,0
2022-12-17,31.59449,2022-12-17,0.31687,2022-12-17,1.31422,2022-12-17,0.10604,2022-12-17,0
2022-12-18,37.38543,2022-12-18,0.39136,2022-12-18,1.44678,2022-12-18,0.13003,2022-12-18,0
2022-12-19,36.65698,2022-12-19,0.39641,2022-12-19,1.73715,2022-12-19,0.08963,2022-12-19,0
2022-12-20,34.79106,2022-12-20,0.3194,2022-12-20,1.68791,2022-12-20,0.12119,2022-12-20,0
2022-12-21,33.16879,2022-12-21,0.31182,2022-12-21,1.92778,2022-12-21,0.07953,2022-12-21,0
2022-12-22,31.13243,2022-12-22,0.33076,2022-12-22,1.74725,2022-12-22,0.07448,2022-12-22,0
2022-12-23,28.0558,2022-12-23,0.23103,2022-12-23,1.63615,2022-12-23,0.06691,2022-12-23,0
2022-12-24,28.01287,2022-12-24,0.30299,2022-12-24,1.24731,2022-12-24,0.06691,2022-12-24,0
2022-12-25,34.38076,2022-12-25,0.29289,2022-12-25,1.35083,2022-12-25,0.1073,2022-12-25,0
2022-12-26,37.77553,2022-12-26,0.33202,2022-12-26,1.68791,2022-12-26,0.09847,2022-12-26,0
2022-12-27,37.98131,2022-12-27,0.35727,2022-12-27,1.5402,2022-12-27,0.11993,2022-12-27,0
2022-12-28,36.87791,2022-12-28,0.34717,2022-12-28,1.4026,2022-12-28,0.10099,2022-12-28,0
2022-12-29,34.53351,2022-12-29,0.36485,2022-12-29,1.38618,2022-12-29,0.09594,2022-12-29,0
2022-12-30,31.0491,2022-12-30,0.26259,2022-12-30,1.15136,2022-12-30,0.09973,2022-12-30,0
2022-12-31,30.86478,2022-12-31,0.31435,2022-12-31,0.9317,2022-12-31,0.1275,2022-12-31,0
2023-01-01,39.45335,2023-01-01,0.4204,2023-01-01,1.05542,2023-01-01,0.1174,2023-01-01,0
2023-01-02,41.87602,2023-01-02,0.34844,2023-01-02,1.43542,2023-01-02,0.18305,2023-01-02,0
2023-01-03,38.71859,2023-01-03,0.41661,2023-01-03,1.40638,2023-01-03,0.15528,2023-01-03,0
2023-01-04,38.08988,2023-01-04,0.41787,2023-01-04,1.50486,2023-01-04,0.18053,2023-01-04,0
2023-01-05,35.79346,2023-01-05,0.45953,2023-01-05,1.56924,2023-01-05,0.14644,2023-01-05,0
2023-01-06,33.60434,2023-01-06,0.50246,2023-01-06,1.45941,2023-01-06,0.15528,2023-01-06,0
2023-01-07,34.81252,2023-01-07,0.43428,2023-01-07,1.41143,2023-01-07,0.14897,2023-01-07,0
2023-01-08,42.57669,2023-01-08,0.50372,2023-01-08,1.51243,2023-01-08,0.2285,2023-01-08,0
2023-01-09,39.84092,2023-01-09,0.46332,2023-01-09,1.71821,2023-01-09,0.18432,2023-01-09,0
2023-01-10,38.29188,2023-01-10,0.51761,2023-01-10,1.67655,2023-01-10,0.24996,2023-01-10,0
2023-01-11,37.55586,2023-01-11,0.4305,2023-01-11,1.62984,2023-01-11,0.19441,2023-01-11,0
2023-01-12,34.73425,2023-01-12,0.4002,2023-01-12,1.65509,2023-01-12,0.19694,2023-01-12,0
2023-01-13,31.27635,2023-01-13,0.49109,2023-01-13,3.29882,2023-01-13,0.24365,2023-01-13,0
2023-01-14,33.10945,2023-01-14,0.43933,2023-01-14,2.39489,2023-01-14,0.178,2023-01-14,0
2023-01-15,39.37634,2023-01-15,0.45196,2023-01-15,2.10579,2023-01-15,0.21966,2023-01-15,0
2023-01-16,36.75672,2023-01-16,0.41787,2023-01-16,1.93662,2023-01-16,0.22219,2023-01-16,0
2023-01-17,36.99532,2023-01-17,0.36232,2023-01-17,1.53137,2023-01-17,0.20704,2023-01-17,0
2023-01-18,33.73185,2023-01-18,0.47216,2023-01-18,1.52505,2023-01-18,0.21335,2023-01-18,0
2023-01-19,32.57164,2023-01-19,0.39136,2023-01-19,1.35462,2023-01-19,0.17674,2023-01-19,0
2023-01-20,29.07208,2023-01-20,0.35727,2023-01-20,1.26246,2023-01-20,0.15402,2023-01-20,0
2023-01-21,29.62757,2023-01-21,0.34212,2023-01-21,1.02007,2023-01-21,0.14644,2023-01-21,0
2023-01-22,35.63312,2023-01-22,0.24239,2023-01-22,1.05794,2023-01-22,0.13382,2023-01-22,0
2023-01-23,39.27408,2023-01-23,0.34339,2023-01-23,1.18798,2023-01-23,0.18305,2023-01-23,0
2023-01-24,42.32041,2023-01-24,0.44312,2023-01-24,1.7018,2023-01-24,0.26511,2023-01-24,0
2023-01-25,37.84623,2023-01-25,0.38757,2023-01-25,1.79017,2023-01-25,0.2184,2023-01-25,0
2023-01-26,35.80608,2023-01-26,0.45575,2023-01-26,1.76366,2023-01-26,0.19441,2023-01-26,0
2023-01-27,32.04772,2023-01-27,0.48604,2023-01-27,1.58692,2023-01-27,0.16664,2023-01-27,0
2023-01-28,31.33064,2023-01-28,0.38757,2023-01-28,1.24226,2023-01-28,0.18937,2023-01-28,0
2023-01-29,36.45751,2023-01-29,0.52013,2023-01-29,1.31422,2023-01-29,0.22598,2023-01-29,0
2023-01-30,36.37798,2023-01-30,0.46963,2023-01-30,1.60964,2023-01-30,0.22976,2023-01-30,0
2023-01-31,33.62201,2023-01-31,0.44186,2023-01-31,1.66014,2023-01-31,0.20325,2023-01-31,0
2023-02-01,33.39098,2023-02-01,0.52644,2023-02-01,1.71316,2023-02-01,0.24491,2023-02-01,0
2023-02-02,32.73702,2023-02-02,0.45827,2023-02-02,1.53137,2023-02-02,0.2285,2023-02-02,0
2023-02-03,29.3574,2023-02-03,0.43933,2023-02-03,1.34705,2023-02-03,0.15907,2023-02-03,0
2023-02-04,30.93043,2023-02-04,0.53528,2023-02-04,1.17535,2023-02-04,0.1881,2023-02-04,0
2023-02-05,35.4185,2023-02-05,0.57442,2023-02-05,1.29402,2023-02-05,0.2285,2023-02-05,0
2023-02-06,37.37533,2023-02-06,0.5883,2023-02-06,1.71821,2023-02-06,0.21209,2023-02-06,0
2023-02-07,34.31132,2023-02-07,0.48352,2023-02-07,1.84193,2023-02-07,0.20956,2023-02-07,0
2023-02-08,31.01754,2023-02-08,0.54412,2023-02-08,1.79901,2023-02-08,0.1982,2023-02-08,0
2023-02-09,29.03547,2023-02-09,0.48857,2023-02-09,1.67655,2023-02-09,0.20704,2023-02-09,0
2023-02-10,26.4714,2023-02-10,0.47342,2023-02-10,1.74851,2023-02-10,0.16917,2023-02-10,0
2023-02-11,26.83752,2023-02-11,0.46332,2023-02-11,1.44931,2023-02-11,0.15275,2023-02-11,0
2023-02-12,31.21323,2023-02-12,0.55043,2023-02-12,1.56924,2023-02-12,0.23608,2023-02-12,0
2023-02-13,31.3117,2023-02-13,0.60598,2023-02-13,1.92526,2023-02-13,0.24996,2023-02-13,0.00757
2023-02-14,28.61633,2023-02-14,0.45322,2023-02-14,1.70938,2023-02-14,0.25754,2023-02-14,0
2023-02-15,27.54197,2023-02-15,0.51761,2023-02-15,1.61974,2023-02-15,0.19441,2023-02-15,0.00631
2023-02-16,26.78575,2023-02-16,0.66279,2023-02-16,1.52758,2023-02-16,0.20199,2023-02-16,0
2023-02-17,25.42482,2023-02-17,0.5782,2023-02-17,1.42532,2023-02-17,0.18432,2023-02-17,0
2023-02-18,25.98788,2023-02-18,0.45196,2023-02-18,1.4228,2023-02-18,0.178,2023-02-18,0
2023-02-19,28.30703,2023-02-19,0.69688,2023-02-19,1.44426,2023-02-19,0.21083,2023-02-19,0
2023-02-20,28.72112,2023-02-20,0.59588,2023-02-20,1.62353,2023-02-20,0.16412,2023-02-20,0
2023-02-21,27.3627,2023-02-21,0.59462,2023-02-21,1.5402,2023-02-21,0.16285,2023-02-21,0
2023-02-22,26.1116,2023-02-22,0.61103,2023-02-22,1.60333,2023-02-22,0.16033,2023-02-22,0
2023-02-23,24.23683,2023-02-23,0.55296,2023-02-23,1.53515,2023-02-23,0.16538,2023-02-23,0
2023-02-24,22.48453,2023-02-24,0.51382,2023-02-24,1.44931,2023-02-24,0.15402,2023-02-24,0
2023-02-25,23.42507,2023-02-25,0.43681,2023-02-25,1.18293,2023-02-25,0.13003,2023-02-25,0.00631
2023-02-26,27.04961,2023-02-26,0.49488,2023-02-26,1.3622,2023-02-26,0.17043,2023-02-26,0
2023-02-27,25.13697,2023-02-27,0.52139,2023-02-27,1.51748,2023-02-27,0.14518,2023-02-27,0
2023-02-28,23.0135,2023-02-28,0.4608,2023-02-28,1.57177,2023-02-28,0.14644,2023-02-28,0
2023-03-01,26.4411,2023-03-01,0.53907,2023-03-01,1.50864,2023-03-01,0.14265,2023-03-01,0
2023-03-02,22.69031,2023-03-02,0.41661,2023-03-02,1.55662,2023-03-02,0.13887,2023-03-02,0
2023-03-03,21.38997,2023-03-03,0.41913,2023-03-03,1.55157,2023-03-03,0.14013,2023-03-03,0
2023-03-04,22.74334,2023-03-04,0.50119,2023-03-04,1.56924,2023-03-04,0.15149,2023-03-04,0
2023-03-05,25.90581,2023-03-05,0.56432,2023-03-05,1.73589,2023-03-05,0.17927,2023-03-05,0
2023-03-06,25.3882,2023-03-06,0.4406,2023-03-06,2.12346,2023-03-06,0.14644,2023-03-06,0
2023-03-07,23.83158,2023-03-07,0.45448,2023-03-07,2.28001,2023-03-07,0.1881,2023-03-07,0
2023-03-08,22.32546,2023-03-08,0.51256,2023-03-08,2.64613,2023-03-08,0.16412,2023-03-08,0
2023-03-09,22.31536,2023-03-09,0.49741,2023-03-09,3.38719,2023-03-09,0.17422,2023-03-09,0
2023-03-10,19.80431,2023-03-10,0.40651,2023-03-10,2.82035,2023-03-10,0.1477,2023-03-10,0
2023-03-11,19.45713,2023-03-11,0.38631,2023-03-11,2.43782,2023-03-11,0.15402,2023-03-11,0
2023-03-12,24.72667,2023-03-12,0.44438,2023-03-12,2.51735,2023-03-12,0.19568,2023-03-12,0
2023-03-13,24.64082,2023-03-13,0.43176,2023-03-13,2.35323,2023-03-13,0.15528,2023-03-13,0
2023-03-14,24.89584,2023-03-14,0.46332,2023-03-14,2.31536,2023-03-14,0.15275,2023-03-14,0
2023-03-15,24.74687,2023-03-15,0.36737,2023-03-15,2.48074,2023-03-15,0.11867,2023-03-15,0
2023-03-16,24.75192,2023-03-16,0.53402,2023-03-16,2.16008,2023-03-16,0.15149,2023-03-16,0
2023-03-17,23.27483,2023-03-17,0.47973,2023-03-17,1.93662,2023-03-17,0.16159,2023-03-17,0
2023-03-18,23.5349,2023-03-18,0.4608,2023-03-18,1.74472,2023-03-18,0.17548,2023-03-18,0
2023-03-19,29.0279,2023-03-19,0.48099,2023-03-19,1.93283,2023-03-19,0.18432,2023-03-19,0
2023-03-20,29.10743,2023-03-20,0.50624,2023-03-20,2.59941,2023-03-20,0.20325,2023-03-20,0
2023-03-21,26.54084,2023-03-21,0.44565,2023-03-21,2.69536,2023-03-21,0.14139,2023-03-21,0
2023-03-22,24.22926,2023-03-22,0.43555,2023-03-22,3.21676,2023-03-22,0.17674,2023-03-22,0
2023-03-23,23.63085,2023-03-23,0.43428,2023-03-23,3.72932,2023-03-23,0.12498,2023-03-23,0
2023-03-24,22.42519,2023-03-24,0.43933,2023-03-24,2.65623,2023-03-24,0.12372,2023-03-24,0
2023-03-25,22.6436,2023-03-25,0.43555,2023-03-25,2.09443,2023-03-25,0.12624,2023-03-25,0
2023-03-26,26.76177,2023-03-26,0.4204,2023-03-26,2.22825,2023-03-26,0.15907,2023-03-26,0
2023-03-27,27.64802,2023-03-27,0.40903,2023-03-27,2.5224,2023-03-27,0.15023,2023-03-27,0
2023-03-28,26.07625,2023-03-28,0.38,2023-03-28,2.27117,2023-03-28,0.15528,2023-03-28,0
2023-03-29,24.76202,2023-03-29,0.43302,2023-03-29,2.36838,2023-03-29,0.178,2023-03-29,0
2023-03-30,23.84421,2023-03-30,0.40903,2023-03-30,2.57669,2023-03-30,0.15907,2023-03-30,0
2023-03-31,22.44918,2023-03-31,0.39893,2023-03-31,2.44161,2023-03-31,0.12119,2023-03-31,0
2023-04-01,22.16386,2023-04-01,0.35854,2023-04-01,2.27117,2023-04-01,0.11488,2023-04-01,0
2023-04-02,25.48668,2023-04-02,0.40272,2023-04-02,2.71177,2023-04-02,0.18432,2023-04-02,0
2023-04-03,26.0005,2023-04-03,0.45575,2023-04-03,3.20666,2023-04-03,0.18305,2023-04-03,0
2023-04-04,25.52203,2023-04-04,0.42923,2023-04-04,3.91364,2023-04-04,0.20073,2023-04-04,0
2023-04-05,24.72288,2023-04-05,0.48352,2023-04-05,4.12321,2023-04-05,0.23103,2023-04-05,0
2023-04-06,25.69372,2023-04-06,0.49741,2023-04-06,3.95783,2023-04-06,0.15275,2023-04-06,0
2023-04-07,22.55902,2023-04-07,0.50246,2023-04-07,3.11324,2023-04-07,0.178,2023-04-07,0
2023-04-08,22.40247,2023-04-08,0.4204,2023-04-08,2.37343,2023-04-08,0.15907,2023-04-08,0
2023-04-09,25.99419,2023-04-09,0.53654,2023-04-09,2.51104,2023-04-09,0.19694,2023-04-09,0
2023-04-10,27.27685,2023-04-10,0.53528,2023-04-10,2.83928,2023-04-10,0.17295,2023-04-10,0
2023-04-11,25.88183,2023-04-11,0.46711,2023-04-11,3.79623,2023-04-11,0.23481,2023-04-11,0
2023-04-12,24.13836,2023-04-12,0.57315,2023-04-12,3.09935,2023-04-12,0.23103,2023-04-12,0
2023-04-13,24.39464,2023-04-13,0.52392,2023-04-13,2.88347,2023-04-13,0.16412,2023-04-13,0
2023-04-14,23.01477,2023-04-14,0.46458,2023-04-14,2.95922,2023-04-14,0.1881,2023-04-14,0
2023-04-15,23.55763,2023-04-15,0.50751,2023-04-15,2.97058,2023-04-15,0.18053,2023-04-15,0
2023-04-16,26.72642,2023-04-16,0.52266,2023-04-16,2.75722,2023-04-16,0.20199,2023-04-16,0
2023-04-17,27.76922,2023-04-17,0.56179,2023-04-17,2.99457,2023-04-17,0.19568,2023-04-17,0
2023-04-18,26.82363,2023-04-18,0.51382,2023-04-18,4.00454,2023-04-18,0.17295,2023-04-18,0
2023-04-19,25.49551,2023-04-19,0.54033,2023-04-19,5.72781,2023-04-19,0.20199,2023-04-19,0
2023-04-20,24.26713,2023-04-20,0.56053,2023-04-20,8.15048,2023-04-20,0.17548,2023-04-20,0.00631
2023-04-21,21.62353,2023-04-21,0.52013,2023-04-21,4.39464,2023-04-21,0.15149,2023-04-21,0
2023-04-22,21.40007,2023-04-22,0.50624,2023-04-22,2.78752,2023-04-22,0.17169,2023-04-22,0
2023-04-23,26.08382,2023-04-23,0.56179,2023-04-23,2.92008,2023-04-23,0.18558,2023-04-23,0
2023-04-24,27.26802,2023-04-24,0.43681,2023-04-24,3.22181,2023-04-24,0.17548,2023-04-24,0
2023-04-25,25.61671,2023-04-25,0.51256,2023-04-25,3.11955,2023-04-25,0.1578,2023-04-25,0.00631
2023-04-26,23.70786,2023-04-26,0.49488,2023-04-26,2.93523,2023-04-26,0.13382,2023-04-26,0
2023-04-27,24.09796,2023-04-27,0.44691,2023-04-27,2.62719,2023-04-27,0.1881,2023-04-27,0
2023-04-28,22.83928,2023-04-28,0.48731,2023-04-28,2.42014,2023-04-28,0.16538,2023-04-28,0
2023-04-29,23.30513,2023-04-29,0.45827,2023-04-29,2.59689,2023-04-29,0.16917,2023-04-29,0
2023-04-30,25.17358,2023-04-30,0.50119,2023-04-30,2.24592,2023-04-30,0.20073,2023-04-30,0
2023-05-01,27.42835,2023-05-01,0.4709,2023-05-01,2.48074,2023-05-01,0.17548,2023-05-01,0
2023-05-02,26.10655,2023-05-02,0.48983,2023-05-02,2.86579,2023-05-02,0.20451,2023-05-02,0
2023-05-03,23.21802,2023-05-03,0.49741,2023-05-03,3.27357,2023-05-03,0.22471,2023-05-03,0
2023-05-04,20.59588,2023-05-04,0.47468,2023-05-04,4.88574,2023-05-04,0.17043,2023-05-04,0
2023-05-05,22.33303,2023-05-05,0.48226,2023-05-05,5.18116,2023-05-05,0.1982,2023-05-05,0
2023-05-06,23.45032,2023-05-06,0.46963,2023-05-06,3.33417,2023-05-06,0.18053,2023-05-06,0
2023-05-07,26.56104,2023-05-07,0.48352,2023-05-07,2.86579,2023-05-07,0.23734,2023-05-07,0
2023-05-08,27.01805,2023-05-08,0.44943,2023-05-08,3.02613,2023-05-08,0.18179,2023-05-08,0
2023-05-09,26.25426,2023-05-09,0.48857,2023-05-09,3.02613,2023-05-09,0.17295,2023-05-09,0
2023-05-10,23.55005,2023-05-10,0.48604,2023-05-10,3.02487,2023-05-10,0.20704,2023-05-10,0
2023-05-11,23.63716,2023-05-11,0.55296,2023-05-11,3.50082,2023-05-11,0.19315,2023-05-11,0
2023-05-12,21.67655,2023-05-12,0.5782,2023-05-12,2.82792,2023-05-12,0.15907,2023-05-12,0
2023-05-13,21.48844,2023-05-13,0.53149,2023-05-13,2.28758,2023-05-13,0.16033,2023-05-13,0
2023-05-14,24.67743,2023-05-14,0.49362,2023-05-14,2.3646,2023-05-14,0.18684,2023-05-14,0
2023-05-15,27.27938,2023-05-15,0.58704,2023-05-15,3.5248,2023-05-15,0.22598,2023-05-15,0
2023-05-16,28.20982,2023-05-16,0.50877,2023-05-16,4.68375,2023-05-16,0.21966,2023-05-16,0
2023-05-17,24.98674,2023-05-17,0.54664,2023-05-17,5.86668,2023-05-17,0.19568,2023-05-17,0
2023-05-18,23.266,2023-05-18,0.48857,2023-05-18,6.72642,2023-05-18,0.1578,2023-05-18,0
2023-05-19,21.83436,2023-05-19,0.55927,2023-05-19,3.84673,2023-05-19,0.16538,2023-05-19,0
2023-05-20,21.12107,2023-05-20,0.52266,2023-05-20,2.91756,2023-05-20,0.14139,2023-05-20,0
2023-05-21,24.90847,2023-05-21,0.81807,2023-05-21,3.06021,2023-05-21,0.21083,2023-05-21,0
2023-05-22,28.7148,2023-05-22,0.57568,2023-05-22,3.63716,2023-05-22,0.1881,2023-05-22,0
2023-05-23,26.63931,2023-05-23,0.60598,2023-05-23,3.31902,2023-05-23,0.16159,2023-05-23,0
2023-05-24,24.61431,2023-05-24,0.55801,2023-05-24,3.13849,2023-05-24,0.17169,2023-05-24,0
2023-05-25,24.49816,2023-05-25,0.52392,2023-05-25,3.3064,2023-05-25,0.16159,2023-05-25,0
2023-05-26,22.46307,2023-05-26,0.50498,2023-05-26,3.07031,2023-05-26,0.13508,2023-05-26,0
2023-05-27,21.79144,2023-05-27,0.49741,2023-05-27,3.6864,2023-05-27,0.14897,2023-05-27,0
2023-05-28,25.9904,2023-05-28,0.46206,2023-05-28,4.68122,2023-05-28,0.20451,2023-05-28,0
2023-05-29,28.13028,2023-05-29,0.50246,2023-05-29,12.00984,2023-05-29,0.23355,2023-05-29,0
2023-05-30,27.28064,2023-05-30,0.51761,2023-05-30,15.62302,2023-05-30,0.16285,2023-05-30,0
2023-05-31,25.13066,2023-05-31,0.47468,2023-05-31,5.37558,2023-05-31,0.1477,2023-05-31,0
2023-06-01,23.23948,2023-06-01,0.50624,2023-06-01,4.85923,2023-06-01,0.178,2023-06-01,0
2023-06-02,21.85961,2023-06-02,0.55043,2023-06-02,4.55624,2023-06-02,0.13129,2023-06-02,0
2023-06-03,20.46963,2023-06-03,0.54917,2023-06-03,3.165,2023-06-03,0.13508,2023-06-03,0
2023-06-04,23.4642,2023-06-04,0.55296,2023-06-04,2.8557,2023-06-04,0.15528,2023-06-04,0
2023-06-05,23.6763,2023-06-05,0.46963,2023-06-05,3.11198,2023-06-05,0.17295,2023-06-05,0
2023-06-06,25.82502,2023-06-06,0.59967,2023-06-06,2.88852,2023-06-06,0.16412,2023-06-06,0
2023-06-07,24.5575,2023-06-07,0.43681,2023-06-07,4.57517,2023-06-07,0.11993,2023-06-07,0
2023-06-08,24.9476,2023-06-08,0.49867,2023-06-08,3.89597,2023-06-08,0.17295,2023-06-08,0
2023-06-09,23.00088,2023-06-09,0.48478,2023-06-09,3.55889,2023-06-09,0.12877,2023-06-09,0
2023-06-10,21.24352,2023-06-10,0.43807,2023-06-10,3.29125,2023-06-10,0.13255,2023-06-10,0
2023-06-11,24.9072,2023-06-11,0.57189,2023-06-11,4.1876,2023-06-11,0.16917,2023-06-11,0
2023-06-12,27.10516,2023-06-12,0.49614,2023-06-12,4.66481,2023-06-12,0.20073,2023-06-12,0
2023-06-13,26.51685,2023-06-13,0.51761,2023-06-13,3.89849,2023-06-13,0.20704,2023-06-13,0
2023-06-14,26.62668,2023-06-14,0.50372,2023-06-14,3.54879,2023-06-14,0.15907,2023-06-14,0
2023-06-15,23.87956,2023-06-15,0.42418,2023-06-15,3.44527,2023-06-15,0.16159,2023-06-15,0
2023-06-16,23.34427,2023-06-16,0.47216,2023-06-16,3.18267,2023-06-16,0.13255,2023-06-16,0
2023-06-17,21.70306,2023-06-17,0.45448,2023-06-17,2.963,2023-06-17,0.1174,2023-06-17,0
2023-06-18,25.78462,2023-06-18,0.48226,2023-06-18,3.42381,2023-06-18,0.15275,2023-06-18,0
2023-06-19,30.73854,2023-06-19,0.48099,2023-06-19,5.60282,2023-06-19,0.16917,2023-06-19,0
2023-06-20,31.56545,2023-06-20,0.50372,2023-06-20,4.74182,2023-06-20,0.13887,2023-06-20,0
2023-06-21,28.2237,2023-06-21,0.49109,2023-06-21,5.09784,2023-06-21,0.15149,2023-06-21,0
2023-06-22,28.48503,2023-06-22,0.52266,2023-06-22,3.77982,2023-06-22,0.1578,2023-06-22,0
2023-06-23,26.60648,2023-06-23,0.44943,2023-06-23,4.46534,2023-06-23,0.16664,2023-06-23,0
2023-06-24,24.39212,2023-06-24,0.39136,2023-06-24,4.35803,2023-06-24,0.13634,2023-06-24,0
2023-06-25,25.61671,2023-06-25,0.51634,2023-06-25,5.27711,2023-06-25,0.13887,2023-06-25,0
2023-06-26,27.64549,2023-06-26,0.45827,2023-06-26,9.94571,2023-06-26,0.15149,2023-06-26,0
2023-06-27,26.42469,2023-06-27,0.47721,2023-06-27,7.28317,2023-06-27,0.16412,2023-06-27,0
2023-06-28,24.1775,2023-06-28,0.44438,2023-06-28,7.59373,2023-06-28,0.17043,2023-06-28,0
2023-06-29,23.44274,2023-06-29,0.54033,2023-06-29,9.22737,2023-06-29,0.16664,2023-06-29,0
2023-06-30,21.57682,2023-06-30,0.45196,2023-06-30,10.72718,2023-06-30,0.11488,2023-06-30,0
2023-07-01,22.06539,2023-07-01,0.48352,2023-07-01,8.46484,2023-07-01,0.14897,2023-07-01,0
2023-07-02,26.74914,2023-07-02,0.56179,2023-07-02,7.64676,2023-07-02,0.16159,2023-07-02,0
2023-07-03,27.67074,2023-07-03,0.50751,2023-07-03,9.53288,2023-07-03,0.17927,2023-07-03,0
2023-07-04,27.47759,2023-07-04,0.48857,2023-07-04,7.05845,2023-07-04,0.17548,2023-07-04,0
2023-07-05,25.91339,2023-07-05,0.51887,2023-07-05,6.06615,2023-07-05,0.16538,2023-07-05,0
2023-07-06,25.0587,2023-07-06,0.48478,2023-07-06,4.59159,2023-07-06,0.16917,2023-07-06,0
2023-07-07,22.74334,2023-07-07,0.55043,2023-07-07,3.94015,2023-07-07,0.15528,2023-07-07,0
2023-07-08,22.7446,2023-07-08,0.48352,2023-07-08,4.62694,2023-07-08,0.13634,2023-07-08,0
2023-07-09,25.84143,2023-07-09,0.55169,2023-07-09,6.21386,2023-07-09,0.18179,2023-07-09,0
2023-07-10,27.61267,2023-07-10,0.52771,2023-07-10,7.21247,2023-07-10,0.18432,2023-07-10,0
2023-07-11,24.34919,2023-07-11,0.53907,2023-07-11,5.25438,2023-07-11,0.21209,2023-07-11,0
2023-07-12,23.1448,2023-07-12,0.53402,2023-07-12,6.67844,2023-07-12,0.17674,2023-07-12,0
2023-07-13,22.40499,2023-07-13,0.54286,2023-07-13,6.64815,2023-07-13,0.16917,2023-07-13,0
2023-07-14,20.56179,2023-07-14,0.48352,2023-07-14,6.61532,2023-07-14,0.16917,2023-07-14,0
2023-07-15,20.05554,2023-07-15,0.48352,2023-07-15,5.59904,2023-07-15,0.12877,2023-07-15,0
2023-07-16,23.165,2023-07-16,0.55674,2023-07-16,4.80873,2023-07-16,0.22093,2023-07-16,0
2023-07-17,24.62062,2023-07-17,0.57063,2023-07-17,6.12548,2023-07-17,0.23103,2023-07-17,0
2023-07-18,22.88599,2023-07-18,0.54917,2023-07-18,5.40083,2023-07-18,0.23734,2023-07-18,0
2023-07-19,21.43921,2023-07-19,0.48857,2023-07-19,6.1621,2023-07-19,0.19694,2023-07-19,0
2023-07-20,20.39262,2023-07-20,0.52644,2023-07-20,4.82641,2023-07-20,0.19189,2023-07-20,0
2023-07-21,18.71733,2023-07-21,0.45953,2023-07-21,4.58022,2023-07-21,0.17169,2023-07-21,0
2023-07-22,19.07334,2023-07-22,0.47973,2023-07-22,3.22181,2023-07-22,0.14013,2023-07-22,0
2023-07-23,24.228,2023-07-23,0.55674,2023-07-23,3.90228,2023-07-23,0.2386,2023-07-23,0
2023-07-24,25.09531,2023-07-24,0.53402,2023-07-24,5.30993,2023-07-24,0.16033,2023-07-24,0
2023-07-25,23.96793,2023-07-25,0.52644,2023-07-25,4.76328,2023-07-25,0.16033,2023-07-25,0
2023-07-26,21.50233,2023-07-26,0.46332,2023-07-26,4.99053,2023-07-26,0.20073,2023-07-26,0
2023-07-27,22.54134,2023-07-27,0.48857,2023-07-27,4.76202,2023-07-27,0.16538,2023-07-27,0
2023-07-28,20.65017,2023-07-28,0.51887,2023-07-28,4.75571,2023-07-28,0.16664,2023-07-28,0
2023-07-29,19.07082,2023-07-29,0.45322,2023-07-29,4.06514,2023-07-29,0.13003,2023-07-29,0
2023-07-30,20.88625,2023-07-30,0.51634,2023-07-30,4.02474,2023-07-30,0.14518,2023-07-30,0
2023-07-31,23.02739,2023-07-31,0.46206,2023-07-31,4.71657,2023-07-31,0.19315,2023-07-31,0
2023-08-01,22.21815,2023-08-01,0.50877,2023-08-01,4.76454,2023-08-01,0.10857,2023-08-01,0
2023-08-02,21.32559,2023-08-02,0.49488,2023-08-02,4.61557,2023-08-02,0.18179,2023-08-02,0
2023-08-03,19.98232,2023-08-03,0.41787,2023-08-03,4.11185,2023-08-03,0.19063,2023-08-03,0
2023-08-04,17.93207,2023-08-04,0.42923,2023-08-04,3.39982,2023-08-04,0.1275,2023-08-04,0
2023-08-05,17.80961,2023-08-05,0.40651,2023-08-05,3.51723,2023-08-05,0.14518,2023-08-05,0
2023-08-06,20.9418,2023-08-06,0.47973,2023-08-06,4.26082,2023-08-06,0.16285,2023-08-06,0
2023-08-07,21.36472,2023-08-07,0.44438,2023-08-07,4.22042,2023-08-07,0.18937,2023-08-07,0
2023-08-08,20.31814,2023-08-08,0.40398,2023-08-08,3.71796,2023-08-08,0.17169,2023-08-08,0
2023-08-09,19.01653,2023-08-09,0.41787,2023-08-09,3.19909,2023-08-09,0.17295,2023-08-09,0
2023-08-10,22.99204,2023-08-10,0.43176,2023-08-10,2.77742,2023-08-10,0.17043,2023-08-10,0
2023-08-11,20.18053,2023-08-11,0.42418,2023-08-11,2.93271,2023-08-11,0.16412,2023-08-11,0
2023-08-12,18.48125,2023-08-12,0.38,2023-08-12,3.06779,2023-08-12,0.14013,2023-08-12,0
2023-08-13,20.91655,2023-08-13,0.41913,2023-08-13,3.4844,2023-08-13,0.16159,2023-08-13,0
2023-08-14,20.51634,2023-08-14,0.45196,2023-08-14,3.747,2023-08-14,0.16538,2023-08-14,0
2023-08-15,22.14871,2023-08-15,0.45575,2023-08-15,3.25337,2023-08-15,0.20578,2023-08-15,0
2023-08-16,21.42785,2023-08-16,0.39767,2023-08-16,3.52228,2023-08-16,0.21966,2023-08-16,0
2023-08-17,19.66292,2023-08-17,0.45827,2023-08-17,3.43895,2023-08-17,0.16664,2023-08-17,0
2023-08-18,17.89168,2023-08-18,0.46332,2023-08-18,3.49829,2023-08-18,0.1578,2023-08-18,0
2023-08-19,16.81605,2023-08-19,0.45575,2023-08-19,3.35816,2023-08-19,0.16664,2023-08-19,0
2023-08-20,19.9293,2023-08-20,0.51382,2023-08-20,3.545,2023-08-20,0.19946,2023-08-20,0
2023-08-21,20.82944,2023-08-21,0.43555,2023-08-21,4.41989,2023-08-21,0.18558,2023-08-21,0
2023-08-22,19.77654,2023-08-22,0.44565,2023-08-22,4.16235,2023-08-22,0.19694,2023-08-22,0
2023-08-23,19.31953,2023-08-23,0.39136,2023-08-23,3.47935,2023-08-23,0.20956,2023-08-23,0
2023-08-24,20.63628,2023-08-24,0.3901,2023-08-24,3.56773,2023-08-24,0.2083,2023-08-24,0
2023-08-25,21.14253,2023-08-25,0.45196,2023-08-25,3.33291,2023-08-25,0.13887,2023-08-25,0
2023-08-26,19.6768,2023-08-26,0.43933,2023-08-26,2.6537,2023-08-26,0.13255,2023-08-26,0
2023-08-27,22.46559,2023-08-27,0.40146,2023-08-27,2.64234,2023-08-27,0.22345,2023-08-27,0
2023-08-28,24.31511,2023-08-28,0.44943,2023-08-28,2.96427,2023-08-28,0.17548,2023-08-28,0
2023-08-29,22.58553,2023-08-29,0.47595,2023-08-29,3.18772,2023-08-29,0.19694,2023-08-29,0
2023-08-30,19.64524,2023-08-30,0.38757,2023-08-30,3.26726,2023-08-30,0.18558,2023-08-30,0
2023-08-31,22.1121,2023-08-31,0.41787,2023-08-31,3.29503,2023-08-31,0.18179,2023-08-31,0
2023-09-01,18.72364,2023-09-01,0.37242,2023-09-01,2.67011,2023-09-01,0.11867,2023-09-01,0
2023-09-02,17.61267,2023-09-02,0.3598,2023-09-02,2.26486,2023-09-02,0.15907,2023-09-02,0
2023-09-03,20.35475,2023-09-03,0.42166,2023-09-03,3.71165,2023-09-03,0.2083,2023-09-03,0
2023-09-04,21.35336,2023-09-04,0.40651,2023-09-04,7.60005,2023-09-04,0.22219,2023-09-04,0
2023-09-05,19.64903,2023-09-05,0.41282,2023-09-05,5.88309,2023-09-05,0.25123,2023-09-05,0
2023-09-06,17.72503,2023-09-06,0.46585,2023-09-06,3.86188,2023-09-06,0.19694,2023-09-06,0
2023-09-07,17.54828,2023-09-07,0.47721,2023-09-07,3.26852,2023-09-07,0.19946,2023-09-07,0
2023-09-08,16.35273,2023-09-08,0.42797,2023-09-08,2.77616,2023-09-08,0.15528,2023-09-08,0
2023-09-09,15.57884,2023-09-09,0.40525,2023-09-09,2.13735,2023-09-09,0.1982,2023-09-09,0
2023-09-10,18.79181,2023-09-10,0.46332,2023-09-10,2.39868,2023-09-10,0.21714,2023-09-10,0
2023-09-11,18.75773,2023-09-11,0.42671,2023-09-11,3.37836,2023-09-11,0.21588,2023-09-11,0
2023-09-12,17.60383,2023-09-12,0.42166,2023-09-12,3.37331,2023-09-12,0.19189,2023-09-12,0
2023-09-13,16.21638,2023-09-13,0.36485,2023-09-13,3.21424,2023-09-13,0.17927,2023-09-13,0
2023-09-14,15.90834,2023-09-14,0.38631,2023-09-14,2.94533,2023-09-14,0.20578,2023-09-14,0
2023-09-15,15.18495,2023-09-15,0.43555,2023-09-15,2.7446,2023-09-15,0.15402,2023-09-15,0
2023-09-16,15.19126,2023-09-16,0.37495,2023-09-16,3.15995,2023-09-16,0.17169,2023-09-16,0
2023-09-17,18.00277,2023-09-17,0.41156,2023-09-17,4.36308,2023-09-17,0.23608,2023-09-17,0
2023-09-18,18.55952,2023-09-18,0.55043,2023-09-18,5.55232,2023-09-18,0.27016,2023-09-18,0
2023-09-19,18.87892,2023-09-19,0.51382,2023-09-19,4.72667,2023-09-19,0.24491,2023-09-19,0
2023-09-20,16.81479,2023-09-20,0.54664,2023-09-20,3.09051,2023-09-20,0.2083,2023-09-20,0
2023-09-21,15.4791,2023-09-21,0.55422,2023-09-21,3.05516,2023-09-21,0.14139,2023-09-21,0
2023-09-22,13.91238,2023-09-22,0.54033,2023-09-22,2.61961,2023-09-22,0.1376,2023-09-22,0
2023-09-23,15.05112,2023-09-23,0.41787,2023-09-23,1.94293,2023-09-23,0.1275,2023-09-23,0
2023-09-24,16.54715,2023-09-24,0.43176,2023-09-24,2.01615,2023-09-24,0.18937,2023-09-24,0
2023-09-25,15.83764,2023-09-25,0.44312,2023-09-25,2.69536,2023-09-25,0.14392,2023-09-25,0
2023-09-26,15.42482,2023-09-26,0.42923,2023-09-26,2.75217,2023-09-26,0.16664,2023-09-26,0
2023-09-27,14.96654,2023-09-27,0.41282,2023-09-27,3.08925,2023-09-27,0.14265,2023-09-27,0
2023-09-28,14.40474,2023-09-28,0.36485,2023-09-28,2.50094,2023-09-28,0.13003,2023-09-28,0
2023-09-29,15.98914,2023-09-29,0.30551,2023-09-29,1.70938,2023-09-29,0.09973,2023-09-29,0
2023-09-30,16.20376,2023-09-30,0.36106,2023-09-30,1.64878,2023-09-30,0.14644,2023-09-30,0
2023-10-01,17.2617,2023-10-01,0.43807,2023-10-01,1.74346,2023-10-01,0.14265,2023-10-01,0
2023-10-02,17.72629,2023-10-02,0.4406,2023-10-02,1.98333,2023-10-02,0.1477,2023-10-02,0
2023-10-03,19.30564,2023-10-03,0.4305,2023-10-03,2.10074,2023-10-03,0.15907,2023-10-03,0
2023-10-04,19.13016,2023-10-04,0.50877,2023-10-04,2.61961,2023-10-04,0.16159,2023-10-04,0
2023-10-05,16.68223,2023-10-05,0.48099,2023-10-05,2.86201,2023-10-05,0.12372,2023-10-05,0
2023-10-06,15.24176,2023-10-06,0.44943,2023-10-06,2.32798,2023-10-06,0.12877,2023-10-06,0
2023-10-07,14.67112,2023-10-07,0.37874,2023-10-07,1.75104,2023-10-07,0.13129,2023-10-07,0
2023-10-08,17.02057,2023-10-08,0.39515,2023-10-08,1.69423,2023-10-08,0.15149,2023-10-08,0
2023-10-09,19.07587,2023-10-09,0.40777,2023-10-09,2.01868,2023-10-09,0.16159,2023-10-09,0
2023-10-10,19.23999,2023-10-10,0.43176,2023-10-10,2.56912,2023-10-10,0.16159,2023-10-10,0
2023-10-11,17.78942,2023-10-11,0.39641,2023-10-11,2.41004,2023-10-11,0.15654,2023-10-11,0
2023-10-12,17.0837,2023-10-12,0.44565,2023-10-12,2.28254,2023-10-12,0.14644,2023-10-12,0
2023-10-13,15.57126,2023-10-13,0.52518,2023-10-13,2.12978,2023-10-13,0.12245,2023-10-13,0
2023-10-14,15.22661,2023-10-14,0.40398,2023-10-14,1.56672,2023-10-14,0.1275,2023-10-14,0
2023-10-15,17.35891,2023-10-15,0.44312,2023-10-15,1.90253,2023-10-15,0.15907,2023-10-15,0
2023-10-16,18.98245,2023-10-16,0.4608,2023-10-16,2.43151,2023-10-16,0.15528,2023-10-16,0
2023-10-17,18.20855,2023-10-17,0.4103,2023-10-17,2.44034,2023-10-17,0.14265,2023-10-17,0
2023-10-18,17.32357,2023-10-18,0.40272,2023-10-18,2.30526,2023-10-18,0.16412,2023-10-18,0
2023-10-19,16.84257,2023-10-19,0.48352,2023-10-19,2.3444,2023-10-19,0.17422,2023-10-19,0
2023-10-20,15.3882,2023-10-20,0.35222,2023-10-20,2.02373,2023-10-20,0.10478,2023-10-20,0
2023-10-21,14.47796,2023-10-21,0.33707,2023-10-21,1.52253,2023-10-21,0.1477,2023-10-21,0
2023-10-22,16.79712,2023-10-22,0.39388,2023-10-22,1.76492,2023-10-22,0.11362,2023-10-22,0
2023-10-23,19.17939,2023-10-23,0.35854,2023-10-23,2.46307,2023-10-23,0.18179,2023-10-23,0
2023-10-24,17.79952,2023-10-24,0.41282,2023-10-24,2.39111,2023-10-24,0.14644,2023-10-24,0
2023-10-25,17.47506,2023-10-25,0.36611,2023-10-25,2.46686,2023-10-25,0.1679,2023-10-25,0
2023-10-26,16.0611,2023-10-26,0.3901,2023-10-26,2.74334,2023-10-26,0.15149,2023-10-26,0
2023-10-27,15.56369,2023-10-27,0.31435,2023-10-27,2.19669,2023-10-27,0.09216,2023-10-27,0
2023-10-28,15.37305,2023-10-28,0.29162,2023-10-28,1.621,2023-10-28,0.10857,2023-10-28,0
2023-10-29,17.63792,2023-10-29,0.41156,2023-10-29,1.66771,2023-10-29,0.14013,2023-10-29,0
2023-10-30,20.21588,2023-10-30,0.40272,2023-10-30,2.14871,2023-10-30,0.16664,2023-10-30,0
2023-10-31,19.00643,2023-10-31,0.37621,2023-10-31,2.2333,2023-10-31,0.12372,2023-10-31,0
2023-11-01,18.31839,2023-11-01,0.3699,2023-11-01,3.0539,2023-11-01,0.13129,2023-11-01,0
2023-11-02,19.4584,2023-11-02,0.3194,2023-11-02,3.16626,2023-11-02,0.13003,2023-11-02,0
2023-11-03,18.90796,2023-11-03,0.34086,2023-11-03,2.79888,2023-11-03,0.1578,2023-11-03,0
2023-11-04,18.08483,2023-11-04,0.3598,2023-11-04,2.26612,2023-11-04,0.13255,2023-11-04,0
2023-11-05,21.6614,2023-11-05,0.41661,2023-11-05,2.20426,2023-11-05,0.15402,2023-11-05,0
2023-11-06,22.76227,2023-11-06,0.4002,2023-11-06,2.67011,2023-11-06,0.17422,2023-11-06,0
2023-11-07,21.52884,2023-11-07,0.39893,2023-11-07,2.7244,2023-11-07,0.18558,2023-11-07,0
2023-11-08,20.45322,2023-11-08,0.37495,2023-11-08,2.35828,2023-11-08,0.13003,2023-11-08,0
2023-11-09,20.13255,2023-11-09,0.34465,2023-11-09,2.26234,2023-11-09,0.13887,2023-11-09,0
2023-11-10,17.91566,2023-11-10,0.32824,2023-11-10,1.94041,2023-11-10,0.12119,2023-11-10,0
2023-11-11,16.75798,2023-11-11,0.27269,2023-11-11,1.53515,2023-11-11,0.1073,2023-11-11,0
2023-11-12,20.32192,2023-11-12,0.34465,2023-11-12,1.83688,2023-11-12,0.13003,2023-11-12,0
2023-11-13,21.56798,2023-11-13,0.279,2023-11-13,2.34566,2023-11-13,0.10352,2023-11-13,0
2023-11-14,20.44691,2023-11-14,0.33202,2023-11-14,2.16134,2023-11-14,0.14897,2023-11-14,0
2023-11-15,20.46206,2023-11-15,0.3295,2023-11-15,1.91642,2023-11-15,0.12245,2023-11-15,0
2023-11-16,21.86087,2023-11-16,0.31435,2023-11-16,2.0616,2023-11-16,0.11867,2023-11-16,0
2023-11-17,20.11993,2023-11-17,0.38378,2023-11-17,1.87476,2023-11-17,0.1174,2023-11-17,0
2023-11-18,21.02638,2023-11-18,0.30172,2023-11-18,1.47329,2023-11-18,0.11362,2023-11-18,0
2023-11-19,25.07259,2023-11-19,0.29667,2023-11-19,1.52379,2023-11-19,0.12624,2023-11-19,0
2023-11-20,26.67592,2023-11-20,0.3093,2023-11-20,1.88738,2023-11-20,0.11109,2023-11-20,0
2023-11-21,25.36169,2023-11-21,0.33834,2023-11-21,1.94041,2023-11-21,0.13255,2023-11-21,0
2023-11-22,23.41749,2023-11-22,0.39388,2023-11-22,2.09317,2023-11-22,0.16917,2023-11-22,0
2023-11-23,22.00353,2023-11-23,0.30046,2023-11-23,2.13988,2023-11-23,0.12372,2023-11-23,0
2023-11-24,20.09594,2023-11-24,0.29415,2023-11-24,1.7725,2023-11-24,0.1174,2023-11-24,0
2023-11-25,21.33064,2023-11-25,0.27016,2023-11-25,1.42658,2023-11-25,0.08458,2023-11-25,0
2023-11-26,25.49678,2023-11-26,0.35475,2023-11-26,1.64625,2023-11-26,0.12624,2023-11-26,0
2023-11-27,26.18356,2023-11-27,0.31435,2023-11-27,2.03509,2023-11-27,0.09594,2023-11-27,0
2023-11-28,24.32394,2023-11-28,0.32066,2023-11-28,1.90001,2023-11-28,0.13255,2023-11-28,0
2023-11-29,22.24087,2023-11-29,0.3699,2023-11-29,1.88738,2023-11-29,0.1477,2023-11-29,0
2023-11-30,21.10339,2023-11-30,0.33329,2023-11-30,1.71316,2023-11-30,0.10478,2023-11-30,0
2023-12-01,19.37507,2023-12-01,0.26133,2023-12-01,1.55662,2023-12-01,0.08711,2023-12-01,0
2023-12-02,21.15389,2023-12-02,0.29162,2023-12-02,1.38492,2023-12-02,0.11488,2023-12-02,0
2023-12-03,25.3579,2023-12-03,0.29667,2023-12-03,1.43921,2023-12-03,0.12498,2023-12-03,0
2023-12-04,25.15212,2023-12-04,0.33076,2023-12-04,1.82426,2023-12-04,0.17927,2023-12-04,0
2023-12-05,24.14341,2023-12-05,0.31182,2023-12-05,1.69296,2023-12-05,0.1174,2023-12-05,0
2023-12-06,22.94154,2023-12-06,0.3093,2023-12-06,2.0111,2023-12-06,0.14013,2023-12-06,0
2023-12-07,22.18659,2023-12-07,0.3093,2023-12-07,1.86718,2023-12-07,0.15654,2023-12-07,0
2023-12-08,21.15515,2023-12-08,0.35601,2023-12-08,1.86213,2023-12-08,0.10857,2023-12-08,0
2023-12-09,21.55157,2023-12-09,0.36485,2023-12-09,2.73197,2023-12-09,0.13255,2023-12-09,0
2023-12-10,25.80987,2023-12-10,0.38378,2023-12-10,2.33051,2023-12-10,0.18558,2023-12-10,0
2023-12-11,25.67352,2023-12-11,0.36611,2023-12-11,2.15376,2023-12-11,0.1578,2023-12-11,0
2023-12-12,23.42002,2023-12-12,0.35475,2023-12-12,2.2434,2023-12-12,0.16285,2023-12-12,0
2023-12-13,22.17901,2023-12-13,0.44186,2023-12-13,2.08054,2023-12-13,0.15907,2023-12-13,0
2023-12-14,22.102,2023-12-14,0.32571,2023-12-14,1.87223,2023-12-14,0.13887,2023-12-14,0
2023-12-15,20.65395,2023-12-15,0.4204,2023-12-15,1.83183,2023-12-15,0.11993,2023-12-15,0
2023-12-16,20.2386,2023-12-16,0.35096,2023-12-16,1.61722,2023-12-16,0.11488,2023-12-16,0
2023-12-17,24.75571,2023-12-17,0.3194,2023-12-17,1.722,2023-12-17,0.14897,2023-12-17,0
2023-12-18,23.12965,2023-12-18,0.39641,2023-12-18,1.93914,2023-12-18,0.11362,2023-12-18,0
2023-12-19,21.45057,2023-12-19,0.32697,2023-12-19,1.63994,2023-12-19,0.10099,2023-12-19,0
2023-12-20,19.67554,2023-12-20,0.27016,2023-12-20,1.76619,2023-12-20,0.10225,2023-12-20,0
2023-12-21,18.54437,2023-12-21,0.26006,2023-12-21,1.65383,2023-12-21,0.08837,2023-12-21,0
2023-12-22,18.18078,2023-12-22,0.27143,2023-12-22,1.41775,2023-12-22,0.10352,2023-12-22,0
2023-12-23,18.72238,2023-12-23,0.33834,2023-12-23,1.27256,2023-12-23,0.08206,2023-12-23,0
2023-12-24,20.15275,2023-12-24,0.26638,2023-12-24,1.0996,2023-12-24,0.11235,2023-12-24,0
2023-12-25,22.21057,2023-12-25,0.27269,2023-12-25,1.2107,2023-12-25,0.12119,2023-12-25,0
2023-12-26,22.84181,2023-12-26,0.30677,2023-12-26,1.51874,2023-12-26,0.10983,2023-12-26,0
2023-12-27,21.08698,2023-12-27,0.31182,2023-12-27,1.53389,2023-12-27,0.12119,2023-12-27,0
2023-12-28,20.21083,2023-12-28,0.30551,2023-12-28,1.47582,2023-12-28,0.09594,2023-12-28,0
2023-12-29,18.87261,2023-12-29,0.28026,2023-12-29,1.29907,2023-12-29,0.1376,2023-12-29,0
2023-12-30,20.19694,2023-12-30,0.3295,2023-12-30,1.29655,2023-12-30,0.09342,2023-12-30,0
2023-12-31,21.05289,2023-12-31,0.33455,2023-12-31,1.2713,2023-12-31,0.1275,2023-12-31,0
2024-01-01,32.08685,2024-01-01,0.45448,2024-01-01,1.39628,2024-01-01,0.1679,2024-01-01,0
2024-01-02,39.27786,2024-01-02,0.36359,2024-01-02,1.48971,2024-01-02,0.16412,2024-01-02,0
2024-01-03,33.87577,2024-01-03,0.43428,2024-01-03,1.58439,2024-01-03,0.13129,2024-01-03,0
2024-01-04,27.53061,2024-01-04,0.52139,2024-01-04,1.50612,2024-01-04,0.15402,2024-01-04,0
2024-01-05,23.2862,2024-01-05,0.44312,2024-01-05,1.43794,2024-01-05,0.17674,2024-01-05,0
2024-01-06,22.92766,2024-01-06,0.41661,2024-01-06,1.24352,2024-01-06,0.1477,2024-01-06,0
2024-01-07,25.22661,2024-01-07,0.46711,2024-01-07,1.23974,2024-01-07,0.20704,2024-01-07,0
2024-01-08,21.83688,2024-01-08,0.3295,2024-01-08,1.41775,2024-01-08,0.19946,2024-01-08,0
2024-01-09,22.97184,2024-01-09,0.38757,2024-01-09,1.67781,2024-01-09,0.20199,2024-01-09,0
2024-01-10,22.97184,2024-01-10,0.40272,2024-01-10,1.55409,2024-01-10,0.1881,2024-01-10,0
2024-01-11,22.68905,2024-01-11,0.46206,2024-01-11,1.53389,2024-01-11,0.19315,2024-01-11,0
2024-01-12,20.88625,2024-01-12,0.48604,2024-01-12,1.27509,2024-01-12,0.17422,2024-01-12,0
2024-01-13,21.15263,2024-01-13,0.42418,2024-01-13,1.10718,2024-01-13,0.16664,2024-01-13,0
2024-01-14,25.13445,2024-01-14,0.53528,2024-01-14,1.2006,2024-01-14,0.22219,2024-01-14,0
2024-01-15,23.43264,2024-01-15,0.50372,2024-01-15,1.37735,2024-01-15,0.21966,2024-01-15,0
2024-01-16,22.21941,2024-01-16,0.49741,2024-01-16,1.49602,2024-01-16,0.20073,2024-01-16,0
2024-01-17,21.35715,2024-01-17,0.44943,2024-01-17,1.51748,2024-01-17,0.22724,2024-01-17,0
2024-01-18,21.06552,2024-01-18,0.49741,2024-01-18,1.58187,2024-01-18,0.17927,2024-01-18,0
2024-01-19,19.60989,2024-01-19,0.36106,2024-01-19,1.52001,2024-01-19,0.15149,2024-01-19,0
2024-01-20,20.48226,2024-01-20,0.49236,2024-01-20,1.29024,2024-01-20,0.18937,2024-01-20,0
2024-01-21,23.50713,2024-01-21,0.57694,2024-01-21,1.29781,2024-01-21,0.1982,2024-01-21,0
2024-01-22,22.00605,2024-01-22,0.46585,2024-01-22,1.65888,2024-01-22,0.178,2024-01-22,0
2024-01-23,20.95063,2024-01-23,0.44943,2024-01-23,1.69675,2024-01-23,0.15149,2024-01-23,0
2024-01-24,20.21461,2024-01-24,0.36737,2024-01-24,1.54778,2024-01-24,0.17043,2024-01-24,0
2024-01-25,18.96982,2024-01-25,0.38883,2024-01-25,1.45688,2024-01-25,0.14644,2024-01-25,0
2024-01-26,17.9043,2024-01-26,0.38631,2024-01-26,1.36598,2024-01-26,0.18053,2024-01-26,0
2024-01-27,18.92059,2024-01-27,0.38631,2024-01-27,1.29907,2024-01-27,0.15907,2024-01-27,0
2024-01-28,22.40247,2024-01-28,0.47342,2024-01-28,1.25615,2024-01-28,0.23229,2024-01-28,0
2024-01-29,22.41257,2024-01-29,0.38,2024-01-29,1.47077,2024-01-29,0.23481,2024-01-29,0
2024-01-30,21.28519,2024-01-30,0.39767,2024-01-30,1.44426,2024-01-30,0.18053,2024-01-30,0
2024-01-31,19.15793,2024-01-31,0.36359,2024-01-31,1.44552,2024-01-31,0.24365,2024-01-31,0
2024-02-01,18.42191,2024-02-01,0.42797,2024-02-01,1.44552,2024-02-01,0.20325,2024-02-01,0
2024-02-02,17.28064,2024-02-02,0.38252,2024-02-02,1.36851,2024-02-02,0.21083,2024-02-02,0
2024-02-03,16.74788,2024-02-03,0.39641,2024-02-03,1.22711,2024-02-03,0.18558,2024-02-03,0
2024-02-04,20.8004,2024-02-04,0.42545,2024-02-04,1.29781,2024-02-04,0.21714,2024-02-04,0
2024-02-05,19.23873,2024-02-05,0.39767,2024-02-05,1.59575,2024-02-05,0.18937,2024-02-05,0
2024-02-06,17.85633,2024-02-06,0.41156,2024-02-06,1.57808,2024-02-06,0.18937,2024-02-06,0
2024-02-07,15.59904,2024-02-07,0.43807,2024-02-07,1.46067,2024-02-07,0.17927,2024-02-07,0
2024-02-08,15.05239,2024-02-08,0.36864,2024-02-08,1.23343,2024-02-08,0.14139,2024-02-08,0
2024-02-09,16.1722,2024-02-09,0.29667,2024-02-09,0.96326,2024-02-09,0.16412,2024-02-09,0
2024-02-10,18.58982,2024-02-10,0.32824,2024-02-10,0.90897,2024-02-10,0.13887,2024-02-10,0
2024-02-11,20.33834,2024-02-11,0.35096,2024-02-11,1.00618,2024-02-11,0.18937,2024-02-11,0
2024-02-12,22.49084,2024-02-12,0.52392,2024-02-12,1.13874,2024-02-12,0.22976,2024-02-12,0
2024-02-13,23.47935,2024-02-13,0.49488,2024-02-13,1.60838,2024-02-13,0.22471,2024-02-13,0
2024-02-14,20.2285,2024-02-14,0.39515,2024-02-14,2.38227,2024-02-14,0.23355,2024-02-14,0
2024-02-15,19.05693,2024-02-15,0.41661,2024-02-15,2.06539,2024-02-15,0.18684,2024-02-15,0
2024-02-16,17.56343,2024-02-16,0.40777,2024-02-16,1.53894,2024-02-16,0.20451,2024-02-16,0
2024-02-17,18.11513,2024-02-17,0.47216,2024-02-17,1.28014,2024-02-17,0.21714,2024-02-17,0
2024-02-18,20.92917,2024-02-18,0.46206,2024-02-18,1.44931,2024-02-18,0.25501,2024-02-18,0
2024-02-19,21.64499,2024-02-19,0.53781,2024-02-19,3.19277,2024-02-19,0.25628,2024-02-19,0
2024-02-20,20.33202,2024-02-20,0.50372,2024-02-20,2.001,2024-02-20,0.21714,2024-02-20,0
2024-02-21,19.67302,2024-02-21,0.49741,2024-02-21,1.66771,2024-02-21,0.23481,2024-02-21,0
2024-02-22,17.97121,2024-02-22,0.42418,2024-02-22,1.6513,2024-02-22,0.16159,2024-02-22,0
2024-02-23,16.22396,2024-02-23,0.53023,2024-02-23,1.50233,2024-02-23,0.1881,2024-02-23,0
2024-02-24,16.82868,2024-02-24,0.41408,2024-02-24,1.17535,2024-02-24,0.19946,2024-02-24,0
2024-02-25,19.43315,2024-02-25,0.54664,2024-02-25,1.40891,2024-02-25,0.26259,2024-02-25,0
2024-02-26,19.63893,2024-02-26,0.56306,2024-02-26,1.58439,2024-02-26,0.2184,2024-02-26,0
2024-02-27,18.4459,2024-02-27,0.51508,2024-02-27,1.66898,2024-02-27,0.25501,2024-02-27,0
2024-02-28,16.89306,2024-02-28,0.47216,2024-02-28,1.50991,2024-02-28,0.17422,2024-02-28,0
2024-02-29,15.65837,2024-02-29,0.47342,2024-02-29,1.38745,2024-02-29,0.14897,2024-02-29,0
2024-03-01,16.87791,2024-03-01,0.50246,2024-03-01,1.26246,2024-03-01,0.18558,2024-03-01,0
2024-03-02,16.31864,2024-03-02,0.46206,2024-03-02,1.21575,2024-03-02,0.17927,2024-03-02,0
2024-03-03,18.1934,2024-03-03,0.51887,2024-03-03,1.34578,2024-03-03,0.19694,2024-03-03,0
2024-03-04,16.912,2024-03-04,0.51508,2024-03-04,1.64246,2024-03-04,0.17548,2024-03-04,0
2024-03-05,16.62795,2024-03-05,0.47721,2024-03-05,1.66519,2024-03-05,0.1982,2024-03-05,0
2024-03-06,16.74283,2024-03-06,0.42797,2024-03-06,1.6715,2024-03-06,0.19441,2024-03-06,0
2024-03-07,16.61532,2024-03-07,0.47595,2024-03-07,1.65383,2024-03-07,0.19315,2024-03-07,0
2024-03-08,15.10794,2024-03-08,0.40272,2024-03-08,1.52253,2024-03-08,0.1982,2024-03-08,0
2024-03-09,16.70243,2024-03-09,0.42418,2024-03-09,1.27382,2024-03-09,0.15275,2024-03-09,0
2024-03-10,19.28796,2024-03-10,0.50498,2024-03-10,1.42785,2024-03-10,0.21335,2024-03-10,0
2024-03-11,18.97613,2024-03-11,0.38126,2024-03-11,1.68034,2024-03-11,0.23229,2024-03-11,0
2024-03-12,18.62769,2024-03-12,0.45827,2024-03-12,1.88991,2024-03-12,0.20956,2024-03-12,0
2024-03-13,17.98384,2024-03-13,0.51634,2024-03-13,1.80911,2024-03-13,0.19946,2024-03-13,0.00631
2024-03-14,17.1342,2024-03-14,0.42545,2024-03-14,1.69928,2024-03-14,0.19568,2024-03-14,0
2024-03-15,15.49299,2024-03-15,0.46206,2024-03-15,1.6715,2024-03-15,0.20325,2024-03-15,0
2024-03-16,15.26448,2024-03-16,0.43302,2024-03-16,1.44299,2024-03-16,0.1679,2024-03-16,0
2024-03-17,18.32344,2024-03-17,0.53781,2024-03-17,1.54904,2024-03-17,0.23608,2024-03-17,0
2024-03-18,18.11134,2024-03-18,0.50119,2024-03-18,1.89117,2024-03-18,0.22598,2024-03-18,0
2024-03-19,22.42646,2024-03-19,0.48478,2024-03-19,2.05403,2024-03-19,0.17169,2024-03-19,0
2024-03-20,33.82148,2024-03-20,0.41787,2024-03-20,1.85708,2024-03-20,0.19568,2024-03-20,0
2024-03-21,24.62441,2024-03-21,0.44438,2024-03-21,1.81542,2024-03-21,0.2083,2024-03-21,0
2024-03-22,18.77414,2024-03-22,0.43555,2024-03-22,1.6917,2024-03-22,0.1477,2024-03-22,0
2024-03-23,16.58628,2024-03-23,0.39136,2024-03-23,1.82678,2024-03-23,0.2083,2024-03-23,0
2024-03-24,18.69208,2024-03-24,0.40651,2024-03-24,2.09317,2024-03-24,0.17422,2024-03-24,0
2024-03-25,19.75634,2024-03-25,0.42797,2024-03-25,2.2333,2024-03-25,0.22345,2024-03-25,0
2024-03-26,18.66557,2024-03-26,0.41156,2024-03-26,2.23456,2024-03-26,0.21083,2024-03-26,0
2024-03-27,17.52304,2024-03-27,0.42545,2024-03-27,2.11968,2024-03-27,0.22093,2024-03-27,0
2024-03-28,16.16841,2024-03-28,0.4204,2024-03-28,2.02373,2024-03-28,0.15023,2024-03-28,0
2024-03-29,14.35172,2024-03-29,0.47342,2024-03-29,1.96566,2024-03-29,0.15907,2024-03-29,0
2024-03-30,14.10427,2024-03-30,0.3699,2024-03-30,1.7018,2024-03-30,0.19441,2024-03-30,0
2024-03-31,15.66595,2024-03-31,0.41913,2024-03-31,2.11336,2024-03-31,0.1881,2024-03-31,0
2024-04-01,16.49539,2024-04-01,0.39641,2024-04-01,2.38732,2024-04-01,0.20325,2024-04-01,0
2024-04-02,15.89067,2024-04-02,0.38,2024-04-02,2.52998,2024-04-02,0.21335,2024-04-02,0
2024-04-03,16.63047,2024-04-03,0.42545,2024-04-03,2.82287,2024-04-03,0.22093,2024-04-03,0
2024-04-04,15.77326,2024-04-04,0.41408,2024-04-04,2.92387,2024-04-04,0.17674,2024-04-04,0
2024-04-05,13.646,2024-04-05,0.41156,2024-04-05,2.16639,2024-04-05,0.20073,2024-04-05,0
2024-04-06,12.95164,2024-04-06,0.35727,2024-04-06,1.85456,2024-04-06,0.15023,2024-04-06,0
2024-04-07,15.06249,2024-04-07,0.35475,2024-04-07,2.14114,2024-04-07,0.20956,2024-04-07,0
2024-04-08,16.64057,2024-04-08,0.3699,2024-04-08,2.78373,2024-04-08,0.20578,2024-04-08,0
2024-04-09,15.65711,2024-04-09,0.43933,2024-04-09,2.30778,2024-04-09,0.16664,2024-04-09,0
2024-04-10,15.09531,2024-04-10,0.46963,2024-04-10,2.06413,2024-04-10,0.19946,2024-04-10,0
2024-04-11,15.62302,2024-04-11,0.41282,2024-04-11,2.47569,2024-04-11,0.19946,2024-04-11,0
2024-04-12,15.33644,2024-04-12,0.45322,2024-04-12,2.52114,2024-04-12,0.19946,2024-04-12,0
2024-04-13,14.10554,2024-04-13,0.41282,2024-04-13,2.42898,2024-04-13,0.17548,2024-04-13,0
2024-04-14,15.53086,2024-04-14,0.51003,2024-04-14,2.69662,2024-04-14,0.2184,2024-04-14,0
2024-04-15,17.86264,2024-04-15,0.4305,2024-04-15,3.61949,2024-04-15,0.23734,2024-04-15,0
2024-04-16,16.47519,2024-04-16,0.39388,2024-04-16,3.27862,2024-04-16,0.22598,2024-04-16,0
2024-04-17,16.9928,2024-04-17,0.39262,2024-04-17,2.97563,2024-04-17,0.1578,2024-04-17,0
2024-04-18,17.40058,2024-04-18,0.37369,2024-04-18,2.76353,2024-04-18,0.17295,2024-04-18,0
2024-04-19,15.75432,2024-04-19,0.45575,2024-04-19,2.59436,2024-04-19,0.1982,2024-04-19,0
2024-04-20,15.41093,2024-04-20,0.35096,2024-04-20,2.49715,2024-04-20,0.16664,2024-04-20,0
2024-04-21,17.73387,2024-04-21,0.40651,2024-04-21,3.2357,2024-04-21,0.18558,2024-04-21,0
2024-04-22,19.01653,2024-04-22,0.4103,2024-04-22,3.27105,2024-04-22,0.22724,2024-04-22,0
2024-04-23,17.17586,2024-04-23,0.39767,2024-04-23,2.82287,2024-04-23,0.20325,2024-04-23,0
2024-04-24,16.5522,2024-04-24,0.39515,2024-04-24,2.86706,2024-04-24,0.21461,2024-04-24,0
2024-04-25,15.40335,2024-04-25,0.4406,2024-04-25,2.69789,2024-04-25,0.23734,2024-04-25,0
2024-04-26,14.80116,2024-04-26,0.37495,2024-04-26,2.55523,2024-04-26,0.15907,2024-04-26,0
2024-04-27,14.68753,2024-04-27,0.30677,2024-04-27,2.57543,2024-04-27,0.17169,2024-04-27,0
2024-04-28,17.38416,2024-04-28,0.37369,2024-04-28,2.89483,2024-04-28,0.21588,2024-04-28,0
2024-04-29,19.64019,2024-04-29,0.40272,2024-04-29,3.05643,2024-04-29,0.17674,2024-04-29,0
2024-04-30,18.26663,2024-04-30,0.32445,2024-04-30,3.12208,2024-04-30,0.16285,2024-04-30,0
2024-05-01,18.04191,2024-05-01,0.38,2024-05-01,2.48579,2024-05-01,0.1982,2024-05-01,0
2024-05-02,17.96869,2024-05-02,0.4406,2024-05-02,2.52114,2024-05-02,0.19694,2024-05-02,0
2024-05-03,16.4108,2024-05-03,0.41661,2024-05-03,2.38353,2024-05-03,0.18305,2024-05-03,0
2024-05-04,16.16462,2024-05-04,0.34465,2024-05-04,2.30021,2024-05-04,0.15275,2024-05-04,0
2024-05-05,18.68072,2024-05-05,0.31435,2024-05-05,2.66885,2024-05-05,0.16538,2024-05-05,0.00631
2024-05-06,21.01628,2024-05-06,0.33707,2024-05-06,2.88599,2024-05-06,0.21209,2024-05-06,0
2024-05-07,21.03143,2024-05-07,0.33834,2024-05-07,3.03749,2024-05-07,0.18305,2024-05-07,0
2024-05-08,18.63148,2024-05-08,0.39388,2024-05-08,2.53755,2024-05-08,0.15654,2024-05-08,0
2024-05-09,17.84875,2024-05-09,0.42292,2024-05-09,2.49842,2024-05-09,0.19568,2024-05-09,0
2024-05-10,16.63047,2024-05-10,0.42923,2024-05-10,2.47822,2024-05-10,0.1578,2024-05-10,0
2024-05-11,16.62668,2024-05-11,0.47468,2024-05-11,2.37343,2024-05-11,0.15654,2024-05-11,0
2024-05-12,19.00391,2024-05-12,0.44438,2024-05-12,2.38101,2024-05-12,0.20704,2024-05-12,0
2024-05-13,20.2386,2024-05-13,0.52644,2024-05-13,2.85317,2024-05-13,0.16285,2024-05-13,0
2024-05-14,18.03938,2024-05-14,0.44186,2024-05-14,2.56028,2024-05-14,0.19441,2024-05-14,0
2024-05-15,18.22118,2024-05-15,0.45575,2024-05-15,2.10074,2024-05-15,0.19063,2024-05-15,0
2024-05-16,19.38391,2024-05-16,0.48604,2024-05-16,2.52114,2024-05-16,0.14265,2024-05-16,0
2024-05-17,16.57871,2024-05-17,0.41282,2024-05-17,2.32293,2024-05-17,0.19189,2024-05-17,0
2024-05-18,16.65825,2024-05-18,0.41156,2024-05-18,2.5931,2024-05-18,0.15275,2024-05-18,0
2024-05-19,19.11122,2024-05-19,0.46837,2024-05-19,2.90619,2024-05-19,0.15023,2024-05-19,0
2024-05-20,20.94432,2024-05-20,0.40146,2024-05-20,4.94508,2024-05-20,0.13887,2024-05-20,0
2024-05-21,19.95581,2024-05-21,0.41661,2024-05-21,4.81757,2024-05-21,0.18053,2024-05-21,0
2024-05-22,18.75773,2024-05-22,0.40398,2024-05-22,4.64461,2024-05-22,0.19315,2024-05-22,0
2024-05-23,17.93207,2024-05-23,0.41913,2024-05-23,3.72175,2024-05-23,0.17548,2024-05-23,0
2024-05-24,16.81605,2024-05-24,0.34717,2024-05-24,3.87829,2024-05-24,0.15149,2024-05-24,0
2024-05-25,16.26183,2024-05-25,0.32824,2024-05-25,3.09051,2024-05-25,0.16538,2024-05-25,0
2024-05-26,21.3824,2024-05-26,0.37495,2024-05-26,3.38846,2024-05-26,0.15402,2024-05-26,0
2024-05-27,22.48453,2024-05-27,0.36737,2024-05-27,3.1852,2024-05-27,0.18558,2024-05-27,0
2024-05-28,20.79787,2024-05-28,0.3598,2024-05-28,2.80267,2024-05-28,0.18432,2024-05-28,0
2024-05-29,20.24113,2024-05-29,0.39515,2024-05-29,2.84812,2024-05-29,0.20578,2024-05-29,0
2024-05-30,18.70218,2024-05-30,0.40146,2024-05-30,3.14732,2024-05-30,0.17422,2024-05-30,0
2024-05-31,16.9423,2024-05-31,0.46585,2024-05-31,2.53503,2024-05-31,0.15654,2024-05-31,0
2024-06-01,17.01426,2024-06-01,0.37116,2024-06-01,2.0616,2024-06-01,0.1275,2024-06-01,0
2024-06-02,21.60459,2024-06-02,0.44691,2024-06-02,2.24719,2024-06-02,0.18305,2024-06-02,0
2024-06-03,21.70559,2024-06-03,0.47342,2024-06-03,2.87463,2024-06-03,0.16917,2024-06-03,0
2024-06-04,19.33467,2024-06-04,0.40903,2024-06-04,2.57669,2024-06-04,0.17295,2024-06-04,0
2024-06-05,18.15806,2024-06-05,0.3901,2024-06-05,2.9933,2024-06-05,0.16917,2024-06-05,0
2024-06-06,18.21613,2024-06-06,0.50624,2024-06-06,2.96679,2024-06-06,0.14644,2024-06-06,0
2024-06-07,17.45612,2024-06-07,0.40525,2024-06-07,2.98447,2024-06-07,0.14644,2024-06-07,0
2024-06-08,18.49766,2024-06-08,0.4204,2024-06-08,3.50587,2024-06-08,0.17548,2024-06-08,0
2024-06-09,20.93675,2024-06-09,0.4204,2024-06-09,4.01969,2024-06-09,0.19189,2024-06-09,0
2024-06-10,21.40638,2024-06-10,0.44817,2024-06-10,6.34768,2024-06-10,0.18305,2024-06-10,0
2024-06-11,20.69688,2024-06-11,0.41408,2024-06-11,6.01439,2024-06-11,0.14897,2024-06-11,0
2024-06-12,20.70698,2024-06-12,0.43176,2024-06-12,4.06388,2024-06-12,0.1477,2024-06-12,0
2024-06-13,19.59979,2024-06-13,0.49614,2024-06-13,4.0664,2024-06-13,0.14392,2024-06-13,0
2024-06-14,18.25527,2024-06-14,0.50372,2024-06-14,3.62327,2024-06-14,0.15528,2024-06-14,0
2024-06-15,18.15932,2024-06-15,0.43555,2024-06-15,4.55876,2024-06-15,0.1477,2024-06-15,0
2024-06-16,20.38505,2024-06-16,0.40903,2024-06-16,3.64095,2024-06-16,0.1578,2024-06-16,0
2024-06-17,21.81542,2024-06-17,0.40777,2024-06-17,3.5854,2024-06-17,0.17295,2024-06-17,0
2024-06-18,19.45082,2024-06-18,0.46458,2024-06-18,3.76972,2024-06-18,0.16538,2024-06-18,0
2024-06-19,18.65042,2024-06-19,0.37621,2024-06-19,5.03598,2024-06-19,0.18684,2024-06-19,0
2024-06-20,17.94344,2024-06-20,0.37495,2024-06-20,4.406,2024-06-20,0.14139,2024-06-20,0
2024-06-21,17.22509,2024-06-21,0.37242,2024-06-21,3.72048,2024-06-21,0.14644,2024-06-21,0.00631
2024-06-22,17.20363,2024-06-22,0.38883,2024-06-22,6.09519,2024-06-22,0.12119,2024-06-22,0
2024-06-23,20.09594,2024-06-23,0.38252,2024-06-23,7.5546,2024-06-23,0.17043,2024-06-23,0
2024-06-24,20.39136,2024-06-24,0.40903,2024-06-24,7.09001,2024-06-24,0.15402,2024-06-24,0
2024-06-25,19.418,2024-06-25,0.45953,2024-06-25,3.63085,2024-06-25,0.19568,2024-06-25,0
2024-06-26,19.29554,2024-06-26,0.4002,2024-06-26,2.99709,2024-06-26,0.12245,2024-06-26,0
2024-06-27,18.38404,2024-06-27,0.4103,2024-06-27,3.35942,2024-06-27,0.14139,2024-06-27,0
2024-06-28,18.8663,2024-06-28,0.40903,2024-06-28,3.3165,2024-06-28,0.10857,2024-06-28,0
2024-06-29,18.3247,2024-06-29,0.36737,2024-06-29,5.0587,2024-06-29,0.16285,2024-06-29,0
2024-06-30,21.70306,2024-06-30,0.40525,2024-06-30,8.32849,2024-06-30,0.13887,2024-06-30,0
2024-07-01,22.35576,2024-07-01,0.37621,2024-07-01,7.16449,2024-07-01,0.15275,2024-07-01,0
2024-07-02,20.9519,2024-07-02,0.40398,2024-07-02,7.31599,2024-07-02,0.16664,2024-07-02,0
2024-07-03,21.66519,2024-07-03,0.36232,2024-07-03,8.64916,2024-07-03,0.17422,2024-07-03,0
2024-07-04,20.29667,2024-07-04,0.36359,2024-07-04,8.28683,2024-07-04,0.14518,2024-07-04,0
2024-07-05,19.39022,2024-07-05,0.42166,2024-07-05,5.67352,2024-07-05,0.16285,2024-07-05,0
2024-07-06,19.48112,2024-07-06,0.41408,2024-07-06,11.14505,2024-07-06,0.14139,2024-07-06,0
2024-07-07,22.89988,2024-07-07,0.46711,2024-07-07,8.78929,2024-07-07,0.1881,2024-07-07,0
2024-07-08,24.1472,2024-07-08,0.42292,2024-07-08,10.51761,2024-07-08,0.19315,2024-07-08,0
2024-07-09,22.44287,2024-07-09,0.39262,2024-07-09,8.3348,2024-07-09,0.1881,2024-07-09,0
2024-07-10,20.2184,2024-07-10,0.38252,2024-07-10,8.09367,2024-07-10,0.21335,2024-07-10,0
2024-07-11,20.89761,2024-07-11,0.45953,2024-07-11,6.90948,2024-07-11,0.17295,2024-07-11,0
2024-07-12,19.16172,2024-07-12,0.46458,2024-07-12,6.31738,2024-07-12,0.17295,2024-07-12,0
2024-07-13,18.44085,2024-07-13,0.56684,2024-07-13,6.41459,2024-07-13,0.16033,2024-07-13,0
2024-07-14,21.23721,2024-07-14,0.4507,2024-07-14,4.90342,2024-07-14,0.18937,2024-07-14,0
2024-07-15,21.40133,2024-07-15,0.43933,2024-07-15,5.74169,2024-07-15,0.20956,2024-07-15,0
2024-07-16,21.96313,2024-07-16,0.43555,2024-07-16,6.15705,2024-07-16,0.18558,2024-07-16,0
2024-07-17,20.30551,2024-07-17,0.36864,2024-07-17,7.64171,2024-07-17,0.18684,2024-07-17,0
2024-07-18,18.97361,2024-07-18,0.4507,2024-07-18,6.4209,2024-07-18,0.15654,2024-07-18,0
2024-07-19,17.70104,2024-07-19,0.41282,2024-07-19,6.07751,2024-07-19,0.17295,2024-07-19,0
2024-07-20,18.85494,2024-07-20,0.41787,2024-07-20,5.43618,2024-07-20,0.14644,2024-07-20,0
2024-07-21,21.79649,2024-07-21,0.43807,2024-07-21,7.27559,2024-07-21,0.20704,2024-07-21,0
2024-07-22,22.37217,2024-07-22,0.39893,2024-07-22,11.22459,2024-07-22,0.21083,2024-07-22,0
2024-07-23,21.50233,2024-07-23,0.42545,2024-07-23,7.98131,2024-07-23,0.22093,2024-07-23,0
2024-07-24,19.80305,2024-07-24,0.4002,2024-07-24,13.91112,2024-07-24,0.18558,2024-07-24,0
2024-07-25,18.40929,2024-07-25,0.50624,2024-07-25,13.32281,2024-07-25,0.16285,2024-07-25,0
2024-07-26,17.67453,2024-07-26,0.52897,2024-07-26,10.20578,2024-07-26,0.178,2024-07-26,0
2024-07-27,17.64676,2024-07-27,0.42418,2024-07-27,10.77641,2024-07-27,0.14518,2024-07-27,0
2024-07-28,18.94457,2024-07-28,0.37621,2024-07-28,8.0255,2024-07-28,0.18684,2024-07-28,0
2024-07-29,18.68324,2024-07-29,0.46206,2024-07-29,8.04822,2024-07-29,0.17422,2024-07-29,0
2024-07-30,18.16437,2024-07-30,0.41282,2024-07-30,7.49274,2024-07-30,0.19063,2024-07-30,0
2024-07-31,16.97639,2024-07-31,0.42166,2024-07-31,6.88928,2024-07-31,0.18937,2024-07-31,0
2024-08-01,16.23027,2024-08-01,0.34717,2024-08-01,6.73526,2024-08-01,0.17927,2024-08-01,0
2024-08-02,15.63186,2024-08-02,0.38378,2024-08-02,8.01035,2024-08-02,0.17674,2024-08-02,0
2024-08-03,15.09026,2024-08-03,0.35601,2024-08-03,6.5825,2024-08-03,0.11867,2024-08-03,0
2024-08-04,17.05592,2024-08-04,0.4204,2024-08-04,6.25678,2024-08-04,0.18179,2024-08-04,0
2024-08-05,18.20982,2024-08-05,0.3497,2024-08-05,6.91453,2024-08-05,0.16412,2024-08-05,0
2024-08-06,17.38669,2024-08-06,0.38378,2024-08-06,5.17358,2024-08-06,0.16412,2024-08-06,0
2024-08-07,16.18103,2024-08-07,0.33076,2024-08-07,5.09026,2024-08-07,0.13508,2024-08-07,0
2024-08-08,17.40184,2024-08-08,0.39515,2024-08-08,4.48175,2024-08-08,0.1679,2024-08-08,0
2024-08-09,24.98169,2024-08-09,0.30299,2024-08-09,4.30753,2024-08-09,0.12245,2024-08-09,0
2024-08-10,31.91894,2024-08-10,0.31687,2024-08-10,3.77477,2024-08-10,0.12245,2024-08-10,0
2024-08-11,36.27824,2024-08-11,0.33455,2024-08-11,3.94899,2024-08-11,0.16917,2024-08-11,0
2024-08-12,37.42835,2024-08-12,0.37621,2024-08-12,5.67983,2024-08-12,0.14897,2024-08-12,0
2024-08-13,28.82969,2024-08-13,0.3598,2024-08-13,5.63565,2024-08-13,0.15023,2024-08-13,0
2024-08-14,23.98055,2024-08-14,0.3497,2024-08-14,4.63956,2024-08-14,0.1376,2024-08-14,0
2024-08-15,21.48339,2024-08-15,0.3295,2024-08-15,3.74195,2024-08-15,0.13255,2024-08-15,0
2024-08-16,19.39906,2024-08-16,0.31814,2024-08-16,3.6561,2024-08-16,0.09847,2024-08-16,0
2024-08-17,16.64436,2024-08-17,0.3194,2024-08-17,3.36194,2024-08-17,0.15023,2024-08-17,0
2024-08-18,18.35879,2024-08-18,0.29415,2024-08-18,3.56268,2024-08-18,0.17674,2024-08-18,0
2024-08-19,21.0592,2024-08-19,0.3598,2024-08-19,4.61179,2024-08-19,0.1477,2024-08-19,0
2024-08-20,19.24378,2024-08-20,0.32066,2024-08-20,5.67731,2024-08-20,0.16664,2024-08-20,0
2024-08-21,18.26284,2024-08-21,0.35349,2024-08-21,7.34376,2024-08-21,0.17548,2024-08-21,0
2024-08-22,17.0938,2024-08-22,0.35222,2024-08-22,5.93611,2024-08-22,0.16538,2024-08-22,0
2024-08-23,15.64448,2024-08-23,0.35727,2024-08-23,4.507,2024-08-23,0.0972,2024-08-23,0
2024-08-24,14.44767,2024-08-24,0.31687,2024-08-24,4.14341,2024-08-24,0.1376,2024-08-24,0
2024-08-25,15.91086,2024-08-25,0.30172,2024-08-25,4.23305,2024-08-25,0.15275,2024-08-25,0
2024-08-26,18.12271,2024-08-26,0.34465,2024-08-26,6.10907,2024-08-26,0.19694,2024-08-26,0
2024-08-27,17.48264,2024-08-27,0.2891,2024-08-27,5.14581,2024-08-27,0.17927,2024-08-27,0
2024-08-28,17.26297,2024-08-28,0.3194,2024-08-28,4.5676,2024-08-28,0.1578,2024-08-28,0
2024-08-29,17.47001,2024-08-29,0.35854,2024-08-29,4.14467,2024-08-29,0.12119,2024-08-29,0
2024-08-30,15.33392,2024-08-30,0.32824,2024-08-30,3.49703,2024-08-30,0.13003,2024-08-30,0
2024-08-31,13.81643,2024-08-31,0.23734,2024-08-31,3.02613,2024-08-31,0.13382,2024-08-31,0
2024-09-01,15.54222,2024-09-01,0.2992,2024-09-01,3.37457,2024-09-01,0.1982,2024-09-01,0
2024-09-02,15.60282,2024-09-02,0.30299,2024-09-02,3.75331,2024-09-02,0.17295,2024-09-02,0
2024-09-03,17.10642,2024-09-03,0.39515,2024-09-03,3.34932,2024-09-03,0.178,2024-09-03,0
2024-09-04,15.41724,2024-09-04,0.3194,2024-09-04,3.15111,2024-09-04,0.18432,2024-09-04,0
2024-09-05,14.36182,2024-09-05,0.34844,2024-09-05,4.40853,2024-09-05,0.20578,2024-09-05,0
2024-09-06,12.58426,2024-09-06,0.42418,2024-09-06,4.75697,2024-09-06,0.15023,2024-09-06,0
2024-09-07,12.21436,2024-09-07,0.35475,2024-09-07,4.12826,2024-09-07,0.19063,2024-09-07,0
2024-09-08,14.85039,2024-09-08,0.39262,2024-09-08,4.31132,2024-09-08,0.21335,2024-09-08,0
2024-09-09,15.9803,2024-09-09,0.35096,2024-09-09,4.92993,2024-09-09,0.21714,2024-09-09,0
2024-09-10,14.85544,2024-09-10,0.33581,2024-09-10,4.71278,2024-09-10,0.20325,2024-09-10,0
2024-09-11,14.20022,2024-09-11,0.35349,2024-09-11,5.71771,2024-09-11,0.17295,2024-09-11,0
2024-09-12,14.54235,2024-09-12,0.31435,2024-09-12,6.69359,2024-09-12,0.16412,2024-09-12,0
2024-09-13,13.78235,2024-09-13,0.31056,2024-09-13,6.24037,2024-09-13,0.14265,2024-09-13,0
2024-09-14,13.01729,2024-09-14,0.24996,2024-09-14,5.6407,2024-09-14,0.11362,2024-09-14,0
2024-09-15,12.88347,2024-09-15,0.2891,2024-09-15,4.92614,2024-09-15,0.11235,2024-09-15,0
2024-09-16,14.0866,2024-09-16,0.2588,2024-09-16,3.68261,2024-09-16,0.12119,2024-09-16,0
2024-09-17,16.83499,2024-09-17,0.27648,2024-09-17,5.78083,2024-09-17,0.11614,2024-09-17,0
2024-09-18,18.9976,2024-09-18,0.3396,2024-09-18,6.63931,2024-09-18,0.17422,2024-09-18,0
2024-09-19,20.46332,2024-09-19,0.38505,2024-09-19,7.20742,2024-09-19,0.15654,2024-09-19,0
2024-09-20,17.30084,2024-09-20,0.47595,2024-09-20,6.34894,2024-09-20,0.18305,2024-09-20,0
2024-09-21,15.07006,2024-09-21,0.32192,2024-09-21,4.10554,2024-09-21,0.18558,2024-09-21,0
2024-09-22,16.431,2024-09-22,0.35854,2024-09-22,3.38719,2024-09-22,0.1982,2024-09-22,0
2024-09-23,17.83486,2024-09-23,0.39262,2024-09-23,3.60181,2024-09-23,0.2083,2024-09-23,0
2024-09-24,17.11147,2024-09-24,0.4406,2024-09-24,3.02739,2024-09-24,0.20578,2024-09-24,0
2024-09-25,15.54727,2024-09-25,0.39262,2024-09-25,3.13344,2024-09-25,0.16664,2024-09-25,0
2024-09-26,15.69372,2024-09-26,0.43555,2024-09-26,3.57656,2024-09-26,0.17927,2024-09-26,0
2024-09-27,15.89698,2024-09-27,0.41787,2024-09-27,3.17257,2024-09-27,0.15907,2024-09-27,0
2024-09-28,14.27092,2024-09-28,0.37747,2024-09-28,2.21184,2024-09-28,0.11235,2024-09-28,0
2024-09-29,16.66077,2024-09-29,0.44565,2024-09-29,2.21436,2024-09-29,0.21588,2024-09-29,0
2024-09-30,17.69978,2024-09-30,0.39893,2024-09-30,2.59689,2024-09-30,0.178,2024-09-30,0
2024-10-01,16.81984,2024-10-01,0.40525,2024-10-01,2.57543,2024-10-01,0.16285,2024-10-01,0
2024-10-02,15.74674,2024-10-02,0.34717,2024-10-02,3.01982,2024-10-02,0.13634,2024-10-02,0
2024-10-03,15.40462,2024-10-03,0.37747,2024-10-03,2.20931,2024-10-03,0.178,2024-10-03,0
2024-10-04,15.12309,2024-10-04,0.38126,2024-10-04,2.2838,2024-10-04,0.15402,2024-10-04,0
2024-10-05,14.00454,2024-10-05,0.31561,2024-10-05,1.77629,2024-10-05,0.14013,2024-10-05,0
2024-10-06,16.49917,2024-10-06,0.31056,2024-10-06,2.3141,2024-10-06,0.17169,2024-10-06,0
2024-10-07,18.43201,2024-10-07,0.36485,2024-10-07,2.785,2024-10-07,0.17169,2024-10-07,0
2024-10-08,15.49046,2024-10-08,0.34717,2024-10-08,2.75344,2024-10-08,0.18432,2024-10-08,0
2024-10-09,15.42608,2024-10-09,0.30677,2024-10-09,2.2838,2024-10-09,0.16538,2024-10-09,0
2024-10-10,16.01691,2024-10-10,0.30804,2024-10-10,2.40247,2024-10-10,0.16917,2024-10-10,0
2024-10-11,14.0462,2024-10-11,0.37369,2024-10-11,2.304,2024-10-11,0.1477,2024-10-11,0
2024-10-12,13.75583,2024-10-12,0.28153,2024-10-12,1.84951,2024-10-12,0.13003,2024-10-12,0
2024-10-13,15.9298,2024-10-13,0.29794,2024-10-13,1.99596,2024-10-13,0.18053,2024-10-13,0
2024-10-14,17.87653,2024-10-14,0.30551,2024-10-14,2.72692,2024-10-14,0.18937,2024-10-14,0
2024-10-15,16.11286,2024-10-15,0.32571,2024-10-15,3.96919,2024-10-15,0.18558,2024-10-15,0
2024-10-16,15.89319,2024-10-16,0.33455,2024-10-16,3.93132,2024-10-16,0.19063,2024-10-16,0.00631
2024-10-17,15.66342,2024-10-17,0.36106,2024-10-17,2.93271,2024-10-17,0.15402,2024-10-17,0
2024-10-18,15.33897,2024-10-18,0.3295,2024-10-18,2.89736,2024-10-18,0.17674,2024-10-18,0
2024-10-19,14.06009,2024-10-19,0.30046,2024-10-19,2.54513,2024-10-19,0.12877,2024-10-19,0
2024-10-20,16.16462,2024-10-20,0.34717,2024-10-20,2.01363,2024-10-20,0.17043,2024-10-20,0
2024-10-21,17.595,2024-10-21,0.3497,2024-10-21,2.59689,2024-10-21,0.15528,2024-10-21,0
2024-10-22,17.45234,2024-10-22,0.29289,2024-10-22,2.56407,2024-10-22,0.15654,2024-10-22,0
2024-10-23,16.01186,2024-10-23,0.31814,2024-10-23,2.51609,2024-10-23,0.19063,2024-10-23,0
2024-10-24,15.71897,2024-10-24,0.33076,2024-10-24,2.38353,2024-10-24,0.1578,2024-10-24,0
2024-10-25,13.83284,2024-10-25,0.2588,2024-10-25,2.08433,2024-10-25,0.08963,2024-10-25,0
2024-10-26,14.10932,2024-10-26,0.27648,2024-10-26,1.70811,2024-10-26,0.12119,2024-10-26,0
2024-10-27,16.53705,2024-10-27,0.28657,2024-10-27,2.19038,2024-10-27,0.14392,2024-10-27,0
2024-10-28,18.22497,2024-10-28,0.30804,2024-10-28,2.63729,2024-10-28,0.17169,2024-10-28,0
2024-10-29,17.42961,2024-10-29,0.26511,2024-10-29,2.49084,2024-10-29,0.13634,2024-10-29,0
2024-10-30,15.9803,2024-10-30,0.26133,2024-10-30,2.42772,2024-10-30,0.16285,2024-10-30,0
2024-10-31,15.85532,2024-10-31,0.30425,2024-10-31,2.16891,2024-10-31,0.12372,2024-10-31,0
2024-11-01,14.79989,2024-11-01,0.25123,2024-11-01,2.03383,2024-11-01,0.1073,2024-11-01,0
2024-11-02,18.41812,2024-11-02,0.26764,2024-11-02,1.69044,2024-11-02,0.09468,2024-11-02,0
2024-11-03,18.68072,2024-11-03,0.29794,2024-11-03,1.96692,2024-11-03,0.17927,2024-11-03,0
2024-11-04,21.82678,2024-11-04,0.30804,2024-11-04,2.48453,2024-11-04,0.15275,2024-11-04,0
2024-11-05,19.29175,2024-11-05,0.31435,2024-11-05,2.41383,2024-11-05,0.15907,2024-11-05,0
2024-11-06,16.98017,2024-11-06,0.34717,2024-11-06,2.5628,2024-11-06,0.14644,2024-11-06,0
2024-11-07,16.66077,2024-11-07,0.3295,2024-11-07,2.29516,2024-11-07,0.10983,2024-11-07,0
2024-11-08,16.28456,2024-11-08,0.3497,2024-11-08,1.89622,2024-11-08,0.12498,2024-11-08,0
2024-11-09,15.59399,2024-11-09,0.2891,2024-11-09,1.74094,2024-11-09,0.12877,2024-11-09,0
2024-11-10,19.55813,2024-11-10,0.2891,2024-11-10,1.87097,2024-11-10,0.15023,2024-11-10,0
2024-11-11,19.3776,2024-11-11,0.31687,2024-11-11,2.32546,2024-11-11,0.16664,2024-11-11,0
2024-11-12,18.59234,2024-11-12,0.3396,2024-11-12,2.31915,2024-11-12,0.16285,2024-11-12,0
2024-11-13,17.96237,2024-11-13,0.33455,2024-11-13,2.02878,2024-11-13,0.14897,2024-11-13,0
2024-11-14,16.9625,2024-11-14,0.32319,2024-11-14,1.99091,2024-11-14,0.14897,2024-11-14,0
2024-11-15,16.4007,2024-11-15,0.29289,2024-11-15,1.96818,2024-11-15,0.13255,2024-11-15,0
2024-11-16,17.92955,2024-11-16,0.26006,2024-11-16,1.83183,2024-11-16,0.13887,2024-11-16,0
2024-11-17,20.75116,2024-11-17,0.28279,2024-11-17,1.92778,2024-11-17,0.12624,2024-11-17,0
2024-11-18,20.64133,2024-11-18,0.32824,2024-11-18,2.38984,2024-11-18,0.11614,2024-11-18,0
2024-11-19,19.94571,2024-11-19,0.3295,2024-11-19,2.0717,2024-11-19,0.11993,2024-11-19,0
2024-11-20,18.55952,2024-11-20,0.35349,2024-11-20,2.102,2024-11-20,0.14013,2024-11-20,0
2024-11-21,18.28557,2024-11-21,0.38378,2024-11-21,2.12978,2024-11-21,0.13887,2024-11-21,0
2024-11-22,16.86529,2024-11-22,0.279,2024-11-22,1.82931,2024-11-22,0.09973,2024-11-22,0
2024-11-23,16.87539,2024-11-23,0.25123,2024-11-23,1.40638,2024-11-23,0.11614,2024-11-23,0
2024-11-24,20.44943,2024-11-24,0.28279,2024-11-24,1.49097,2024-11-24,0.13129,2024-11-24,0
2024-11-25,20.46332,2024-11-25,0.23229,2024-11-25,1.96061,2024-11-25,0.14392,2024-11-25,0
2024-11-26,19.19454,2024-11-26,0.26259,2024-11-26,2.09569,2024-11-26,0.13887,2024-11-26,0
2024-11-27,16.76682,2024-11-27,0.25249,2024-11-27,2.25476,2024-11-27,0.11235,2024-11-27,0
2024-11-28,16.97134,2024-11-28,0.27143,2024-11-28,2.06665,2024-11-28,0.07196,2024-11-28,0
2024-11-29,16.12927,2024-11-29,0.23481,2024-11-29,1.69296,2024-11-29,0.09089,2024-11-29,0
2024-11-30,17.36901,2024-11-30,0.21083,2024-11-30,1.52505,2024-11-30,0.08079,2024-11-30,0
2024-12-01,20.55548,2024-12-01,0.27016,2024-12-01,1.73462,2024-12-01,0.11235,2024-12-01,0
2024-12-02,20.23229,2024-12-02,0.27143,2024-12-02,1.97828,2024-12-02,0.12624,2024-12-02,0
2024-12-03,24.97916,2024-12-03,0.25249,2024-12-03,1.7523,2024-12-03,0.11614,2024-12-03,0
2024-12-04,23.3165,2024-12-04,0.22471,2024-12-04,1.52632,2024-12-04,0.1174,2024-12-04,0
2024-12-05,19.19202,2024-12-05,0.27395,2024-12-05,1.53894,2024-12-05,0.11235,2024-12-05,0
2024-12-06,17.62024,2024-12-06,0.22598,2024-12-06,1.36977,2024-12-06,0.1073,2024-12-06,0
2024-12-07,16.03964,2024-12-07,0.23986,2024-12-07,1.12359,2024-12-07,0.10225,2024-12-07,0
2024-12-08,19.7778,2024-12-08,0.24239,2024-12-08,1.26751,2024-12-08,0.10983,2024-12-08,0
2024-12-09,19.80179,2024-12-09,0.19568,2024-12-09,1.56545,2024-12-09,0.09594,2024-12-09,0
2024-12-10,18.38277,2024-12-10,0.21209,2024-12-10,1.42406,2024-12-10,0.11362,2024-12-10,0
2024-12-11,17.01679,2024-12-11,0.24618,2024-12-11,1.33695,2024-12-11,0.1073,2024-12-11,0
2024-12-12,17.04204,2024-12-12,0.21714,2024-12-12,1.43289,2024-12-12,0.07827,2024-12-12,0
2024-12-13,16.70622,2024-12-13,0.30804,2024-12-13,1.29907,2024-12-13,0.07322,2024-12-13,0
2024-12-14,17.23898,2024-12-14,0.20956,2024-12-14,1.03143,2024-12-14,0.09594,2024-12-14,0
2024-12-15,21.11854,2024-12-15,0.27143,2024-12-15,1.19555,2024-12-15,0.1275,2024-12-15,0
2024-12-16,21.43289,2024-12-16,0.27648,2024-12-16,1.46951,2024-12-16,0.09468,2024-12-16,0
2024-12-17,19.67175,2024-12-17,0.22471,2024-12-17,1.47582,2024-12-17,0.10983,2024-12-17,0
2024-12-18,19.3877,2024-12-18,0.2487,2024-12-18,1.34452,2024-12-18,0.09089,2024-12-18,0
2024-12-19,19.26776,2024-12-19,0.18558,2024-12-19,1.39628,2024-12-19,0.07322,2024-12-19,0
2024-12-20,17.59121,2024-12-20,0.19568,2024-12-20,1.2208,2024-12-20,0.07953,2024-12-20,0
2024-12-21,19.09986,2024-12-21,0.19694,2024-12-21,1.11097,2024-12-21,0.09089,2024-12-21,0
2024-12-22,21.81037,2024-12-22,0.17169,2024-12-22,1.12233,2024-12-22,0.10225,2024-12-22,0
2024-12-23,20.53402,2024-12-23,0.22219,2024-12-23,1.31422,2024-12-23,0.08837,2024-12-23,0
2024-12-24,17.78689,2024-12-24,0.15528,2024-12-24,1.12107,2024-12-24,0.07448,2024-12-24,0
2024-12-25,20.79661,2024-12-25,0.18053,2024-12-25,0.98598,2024-12-25,0.10099,2024-12-25,0
2024-12-26,19.55813,2024-12-26,0.28026,2024-12-26,1.0895,2024-12-26,0.09468,2024-12-26,0
2024-12-27,17.84875,2024-12-27,0.22724,2024-12-27,1.09834,2024-12-27,0.09973,2024-12-27,0
2024-12-28,19.9798,2024-12-28,0.26259,2024-12-28,0.89635,2024-12-28,0.08458,2024-12-28,0
2024-12-29,18.79434,2024-12-29,0.24365,2024-12-29,0.94811,2024-12-29,0.09342,2024-12-29,0
2024-12-30,16.66708,2024-12-30,0.15654,2024-12-30,1.09834,2024-12-30,0.07827,2024-12-30,0
2024-12-31,13.76341,2024-12-31,0.1982,2024-12-31,1.02764,2024-12-31,0.06564,2024-12-31,0
2025-01-01,17.19984,2025-01-01,0.22219,2025-01-01,0.94811,2025-01-01,0.1174,2025-01-01,0
2025-01-02,16.79459,2025-01-02,0.29541,2025-01-02,1.06299,2025-01-02,0.13003,2025-01-02,0
2025-01-03,14.94508,2025-01-03,0.29289,2025-01-03,1.01502,2025-01-03,0.11614,2025-01-03,0
2025-01-04,15.84143,2025-01-04,0.30425,2025-01-04,0.96073,2025-01-04,0.09973,2025-01-04,0
2025-01-05,18.40297,2025-01-05,0.32319,2025-01-05,1.21701,2025-01-05,0.14644,2025-01-05,0
2025-01-06,18.57214,2025-01-06,0.30677,2025-01-06,1.37987,2025-01-06,0.14644,2025-01-06,0
2025-01-07,19.69448,2025-01-07,0.29162,2025-01-07,1.24605,2025-01-07,0.11614,2025-01-07,0
2025-01-08,24.31258,2025-01-08,0.279,2025-01-08,1.24226,2025-01-08,0.1376,2025-01-08,0
2025-01-09,20.3598,2025-01-09,0.26006,2025-01-09,1.34578,2025-01-09,0.1174,2025-01-09,0
2025-01-10,18.09493,2025-01-10,0.26385,2025-01-10,1.2309,2025-01-10,0.10352,2025-01-10,0
2025-01-11,19.2665,2025-01-11,0.22093,2025-01-11,0.97841,2025-01-11,0.13003,2025-01-11,0
2025-01-12,22.0212,2025-01-12,0.26638,2025-01-12,1.10213,2025-01-12,0.15654,2025-01-12,0
2025-01-13,20.52392,2025-01-13,0.29036,2025-01-13,1.29529,2025-01-13,0.1679,2025-01-13,0
2025-01-14,19.70458,2025-01-14,0.27269,2025-01-14,1.45562,2025-01-14,0.15023,2025-01-14,0
2025-01-15,17.84496,2025-01-15,0.2386,2025-01-15,1.12359,2025-01-15,0.1477,2025-01-15,0
2025-01-16,17.7831,2025-01-16,0.22471,2025-01-16,1.2208,2025-01-16,0.13255,2025-01-16,0
2025-01-17,17.19227,2025-01-17,0.29794,2025-01-17,1.06678,2025-01-17,0.14644,2025-01-17,0
2025-01-18,18.00403,2025-01-18,0.30677,2025-01-18,0.89508,2025-01-18,0.12372,2025-01-18,0
2025-01-19,19.36876,2025-01-19,0.30172,2025-01-19,1.00871,2025-01-19,0.1881,2025-01-19,0
2025-01-20,18.85746,2025-01-20,0.28531,2025-01-20,1.48844,2025-01-20,0.15528,2025-01-20,0
2025-01-21,17.65307,2025-01-21,0.33834,2025-01-21,1.79396,2025-01-21,0.18305,2025-01-21,0
2025-01-22,17.70988,2025-01-22,0.32445,2025-01-22,1.44299,2025-01-22,0.19694,2025-01-22,0
2025-01-23,16.36914,2025-01-23,0.2285,2025-01-23,1.34957,2025-01-23,0.13382,2025-01-23,0
2025-01-24,16.39439,2025-01-24,0.26764,2025-01-24,1.18166,2025-01-24,0.13129,2025-01-24,0
2025-01-25,17.10768,2025-01-25,0.21588,2025-01-25,1.01123,2025-01-25,0.09468,2025-01-25,0
2025-01-26,16.42721,2025-01-26,0.25123,2025-01-26,1.00618,2025-01-26,0.13508,2025-01-26,0
2025-01-27,16.20249,2025-01-27,0.29036,2025-01-27,1.1501,2025-01-27,0.12624,2025-01-27,0
2025-01-28,16.15452,2025-01-28,0.2083,2025-01-28,0.96199,2025-01-28,0.1174,2025-01-28,0
2025-01-29,18.49892,2025-01-29,0.21083,2025-01-29,0.83701,2025-01-29,0.0972,2025-01-29,0
2025-01-30,19.67428,2025-01-30,0.24365,2025-01-30,0.8509,2025-01-30,0.13508,2025-01-30,0
2025-01-31,17.95732,2025-01-31,0.27521,2025-01-31,1.06047,2025-01-31,0.13887,2025-01-31,0
2025-02-01,17.71114,2025-02-01,0.27143,2025-02-01,1.09708,2025-02-01,0.14392,2025-02-01,0
2025-02-02,19.39022,2025-02-02,0.30804,2025-02-02,1.16525,2025-02-02,0.1679,2025-02-02,0
2025-02-03,18.61886,2025-02-03,0.26259,2025-02-03,1.24605,2025-02-03,0.1578,2025-02-03,0
2025-02-04,17.53313,2025-02-04,0.28531,2025-02-04,1.23343,2025-02-04,0.18558,2025-02-04,0
2025-02-05,17.38795,2025-02-05,0.26006,2025-02-05,1.28392,2025-02-05,0.17422,2025-02-05,0
2025-02-06,15.86415,2025-02-06,0.24996,2025-02-06,1.36725,2025-02-06,0.13129,2025-02-06,0
2025-02-07,14.7494,2025-02-07,0.26511,2025-02-07,1.32811,2025-02-07,0.10983,2025-02-07,0
2025-02-08,16.33758,2025-02-08,0.2386,2025-02-08,1.06678,2025-02-08,0.1275,2025-02-08,0
2025-02-09,17.9346,2025-02-09,0.28279,2025-02-09,1.07688,2025-02-09,0.17043,2025-02-09,0
2025-02-10,17.58616,2025-02-10,0.26259,2025-02-10,1.28266,2025-02-10,0.12498,2025-02-10,0
2025-02-11,16.83499,2025-02-11,0.30046,2025-02-11,1.24479,2025-02-11,0.14139,2025-02-11,0
2025-02-12,15.74927,2025-02-12,0.24996,2025-02-12,1.55283,2025-02-12,0.14265,2025-02-12,0
2025-02-13,15.68362,2025-02-13,0.28784,2025-02-13,1.24352,2025-02-13,0.1578,2025-02-13,0
2025-02-14,14.44388,2025-02-14,0.25123,2025-02-14,1.15515,2025-02-14,0.11362,2025-02-14,0
2025-02-15,15.86794,2025-02-15,0.2386,2025-02-15,1.16651,2025-02-15,0.11867,2025-02-15,0
2025-02-16,18.12018,2025-02-16,0.29794,2025-02-16,1.36598,2025-02-16,0.13634,2025-02-16,0
2025-02-17,19.32205,2025-02-17,0.31056,2025-02-17,1.30791,2025-02-17,0.18053,2025-02-17,0
2025-02-18,18.38782,2025-02-18,0.32192,2025-02-18,1.34705,2025-02-18,0.15023,2025-02-18,0
2025-02-19,16.37293,2025-02-19,0.25123,2025-02-19,1.17156,2025-02-19,0.12877,2025-02-19,0
2025-02-20,15.92096,2025-02-20,0.27648,2025-02-20,1.22206,2025-02-20,0.12624,2025-02-20,0
2025-02-21,14.83398,2025-02-21,0.31814,2025-02-21,1.12233,2025-02-21,0.14265,2025-02-21,0
2025-02-22,15.5498,2025-02-22,0.28531,2025-02-22,1.03774,2025-02-22,0.09594,2025-02-22,0
2025-02-23,17.53945,2025-02-23,0.35601,2025-02-23,1.02764,2025-02-23,0.14897,2025-02-23,0
2025-02-24,17.42204,2025-02-24,0.3699,2025-02-24,1.33821,2025-02-24,0.15275,2025-02-24,0
2025-02-25,15.18116,2025-02-25,0.34465,2025-02-25,1.37103,2025-02-25,0.13003,2025-02-25,0
2025-02-26,14.48301,2025-02-26,0.35854,2025-02-26,1.35083,2025-02-26,0.14139,2025-02-26,0
2025-02-27,13.81391,2025-02-27,0.36611,2025-02-27,1.34957,2025-02-27,0.13003,2025-02-27,0
2025-02-28,12.31788,2025-02-28,0.38378,2025-02-28,1.44931,2025-02-28,0.10478,2025-02-28,0
2025-03-01,13.76088,2025-03-01,0.32066,2025-03-01,1.71947,2025-03-01,0.1275,2025-03-01,0
2025-03-02,14.78222,2025-03-02,0.30677,2025-03-02,1.84067,2025-03-02,0.12624,2025-03-02,0
2025-03-03,16.3502,2025-03-03,0.30804,2025-03-03,1.65383,2025-03-03,0.13382,2025-03-03,0
2025-03-04,14.66229,2025-03-04,0.30172,2025-03-04,1.722,2025-03-04,0.14013,2025-03-04,0
2025-03-05,14.23052,2025-03-05,0.3194,2025-03-05,1.7624,2025-03-05,0.14139,2025-03-05,0
2025-03-06,13.66241,2025-03-06,0.2891,2025-03-06,1.5806,2025-03-06,0.13382,2025-03-06,0
2025-03-07,12.71556,2025-03-07,0.37242,2025-03-07,1.40765,2025-03-07,0.11235,2025-03-07,0
2025-03-08,13.5349,2025-03-08,0.37747,2025-03-08,1.28392,2025-03-08,0.11235,2025-03-08,0
2025-03-09,15.57757,2025-03-09,0.40272,2025-03-09,1.54778,2025-03-09,0.16917,2025-03-09,0
2025-03-10,15.40083,2025-03-10,0.34339,2025-03-10,1.84572,2025-03-10,0.15023,2025-03-10,0
2025-03-11,14.70016,2025-03-11,0.33707,2025-03-11,1.87223,2025-03-11,0.14265,2025-03-11,0
2025-03-12,13.63464,2025-03-12,0.34212,2025-03-12,2.14619,2025-03-12,0.13508,2025-03-12,0
2025-03-13,13.67125,2025-03-13,0.30172,2025-03-13,2.06034,2025-03-13,0.14265,2025-03-13,0
2025-03-14,12.52493,2025-03-14,0.31561,2025-03-14,1.57808,2025-03-14,0.10478,2025-03-14,0
2025-03-15,13.67251,2025-03-15,0.29036,2025-03-15,1.56798,2025-03-15,0.09847,2025-03-15,0
2025-03-16,16.20123,2025-03-16,0.3093,2025-03-16,1.52758,2025-03-16,0.16412,2025-03-16,0
2025-03-17,16.50927,2025-03-17,0.31435,2025-03-17,1.81795,2025-03-17,0.15149,2025-03-17,0
2025-03-18,15.23292,2025-03-18,0.28657,2025-03-18,1.79649,2025-03-18,0.15402,2025-03-18,0
2025-03-19,15.16727,2025-03-19,0.31687,2025-03-19,1.62226,2025-03-19,0.15149,2025-03-19,0
2025-03-20,14.31384,2025-03-20,0.36737,2025-03-20,1.66898,2025-03-20,0.14644,2025-03-20,0
2025-03-21,12.87084,2025-03-21,0.31435,2025-03-21,1.71947,2025-03-21,0.1073,2025-03-21,0
2025-03-22,12.64234,2025-03-22,0.31182,2025-03-22,1.80532,2025-03-22,0.09342,2025-03-22,0
2025-03-23,15.09152,2025-03-23,0.31435,2025-03-23,2.2939,2025-03-23,0.13634,2025-03-23,0
2025-03-24,15.38442,2025-03-24,0.30425,2025-03-24,2.87463,2025-03-24,0.14644,2025-03-24,0
2025-03-25,13.77982,2025-03-25,0.30046,2025-03-25,2.92766,2025-03-25,0.15654,2025-03-25,0
2025-03-26,12.20679,2025-03-26,0.3093,2025-03-26,2.89988,2025-03-26,0.11867,2025-03-26,0
2025-03-27,12.22194,2025-03-27,0.32824,2025-03-27,4.99305,2025-03-27,0.1477,2025-03-27,0
2025-03-28,11.34957,2025-03-28,0.29415,2025-03-28,2.24845,2025-03-28,0.09342,2025-03-28,0
2025-03-29,11.76492,2025-03-29,0.27016,2025-03-29,1.75609,2025-03-29,0.12119,2025-03-29,0
2025-03-30,13.95152,2025-03-30,0.24491,2025-03-30,1.621,2025-03-30,0.10604,2025-03-30,0
2025-03-31,13.5854,2025-03-31,0.29667,2025-03-31,1.90506,2025-03-31,0.13382,2025-03-31,0
2025-04-01,13.08168,2025-04-01,0.28405,2025-04-01,1.86087,2025-04-01,0.10604,2025-04-01,0
2025-04-02,13.35816,2025-04-02,0.3396,2025-04-02,1.92147,2025-04-02,0.1376,2025-04-02,0
2025-04-03,12.65118,2025-04-03,0.37369,2025-04-03,1.82805,2025-04-03,0.1275,2025-04-03,0
2025-04-04,11.25994,2025-04-04,0.28153,2025-04-04,1.61974,2025-04-04,0.13255,2025-04-04,0
2025-04-05,12.53377,2025-04-05,0.25123,2025-04-05,1.69423,2025-04-05,0.09594,2025-04-05,0
2025-04-06,13.37583,2025-04-06,0.24365,2025-04-06,1.77124,2025-04-06,0.1578,2025-04-06,0
2025-04-07,14.46534,2025-04-07,0.3093,2025-04-07,2.0919,2025-04-07,0.15149,2025-04-07,0
2025-04-08,14.38328,2025-04-08,0.33455,2025-04-08,2.08938,2025-04-08,0.14265,2025-04-08,0
2025-04-09,13.34174,2025-04-09,0.30551,2025-04-09,2.09821,2025-04-09,0.1376,2025-04-09,0
2025-04-10,13.01477,2025-04-10,0.32445,2025-04-10,2.06413,2025-04-10,0.14392,2025-04-10,0
2025-04-11,11.50233,2025-04-11,0.30551,2025-04-11,2.06792,2025-04-11,0.11362,2025-04-11,0
2025-04-12,12.08054,2025-04-12,0.25628,2025-04-12,2.02625,2025-04-12,0.12245,2025-04-12,0
2025-04-13,13.88587,2025-04-13,0.31056,2025-04-13,1.83941,2025-04-13,0.14139,2025-04-13,0
2025-04-14,14.6383,2025-04-14,0.26638,2025-04-14,2.20679,2025-04-14,0.11993,2025-04-14,0
2025-04-15,13.9149,2025-04-15,0.3093,2025-04-15,2.11589,2025-04-15,0.15275,2025-04-15,0
2025-04-16,13.16752,2025-04-16,0.33581,2025-04-16,2.1424,2025-04-16,0.19568,2025-04-16,0
2025-04-17,13.06274,2025-04-17,0.34212,2025-04-17,4.73803,2025-04-17,0.16664,2025-04-17,0
2025-04-18,11.46824,2025-04-18,0.32824,2025-04-18,5.23418,2025-04-18,0.13634,2025-04-18,0
2025-04-19,11.56545,2025-04-19,0.25249,2025-04-19,4.41737,2025-04-19,0.11362,2025-04-19,0
2025-04-20,13.19025,2025-04-20,0.33076,2025-04-20,4.09796,2025-04-20,0.16033,2025-04-20,0
2025-04-21,14.08534,2025-04-21,0.33834,2025-04-21,4.98169,2025-04-21,0.17295,2025-04-21,0
2025-04-22,13.80633,2025-04-22,0.30551,2025-04-22,5.06122,2025-04-22,0.1679,2025-04-22,0
2025-04-23,12.79888,2025-04-23,0.31687,2025-04-23,3.52733,2025-04-23,0.18179,2025-04-23,0
2025-04-24,12.39616,2025-04-24,0.28405,2025-04-24,2.80141,2025-04-24,0.16917,2025-04-24,0.00757
2025-04-25,11.21323,2025-04-25,0.32319,2025-04-25,2.49968,2025-04-25,0.14392,2025-04-25,0
2025-04-26,11.0693,2025-04-26,0.31561,2025-04-26,1.92273,2025-04-26,0.11235,2025-04-26,0
2025-04-27,12.26107,2025-04-27,0.30299,2025-04-27,2.13735,2025-04-27,0.1679,2025-04-27,0
2025-04-28,12.94028,2025-04-28,0.38126,2025-04-28,2.38858,2025-04-28,0.18558,2025-04-28,0
2025-04-29,12.2333,2025-04-29,0.33076,2025-04-29,2.21815,2025-04-29,0.17043,2025-04-29,0
2025-04-30,11.33442,2025-04-30,0.30425,2025-04-30,2.3242,2025-04-30,0.14392,2025-04-30,0
2025-05-01,12.13988,2025-05-01,0.33834,2025-05-01,2.3545,2025-05-01,0.11488,2025-05-01,0
2025-05-02,11.32432,2025-05-02,0.29415,2025-05-02,1.94293,2025-05-02,0.09594,2025-05-02,0
2025-05-03,11.75104,2025-05-03,0.2487,2025-05-03,1.90001,2025-05-03,0.09216,2025-05-03,0
2025-05-04,11.66014,2025-05-04,0.23229,2025-05-04,1.7018,2025-05-04,0.10225,2025-05-04,0
2025-05-05,12.13861,2025-05-05,0.30046,2025-05-05,1.76492,2025-05-05,0.12498,2025-05-05,0
2025-05-06,14.31258,2025-05-06,0.30804,2025-05-06,1.97197,2025-05-06,0.11993,2025-05-06,0
2025-05-07,13.86062,2025-05-07,0.21714,2025-05-07,2.22194,2025-05-07,0.13887,2025-05-07,0
2025-05-08,12.93018,2025-05-08,0.24365,2025-05-08,2.25729,2025-05-08,0.11235,2025-05-08,0
2025-05-09,12.27875,2025-05-09,0.32445,2025-05-09,2.21057,2025-05-09,0.12624,2025-05-09,0
2025-05-10,11.94167,2025-05-10,0.24365,2025-05-10,1.88991,2025-05-10,0.12877,2025-05-10,0
2025-05-11,14.0159,2025-05-11,0.29036,2025-05-11,2.45423,2025-05-11,0.16917,2025-05-11,0
2025-05-12,14.89458,2025-05-12,0.30172,2025-05-12,2.64739,2025-05-12,0.15023,2025-05-12,0
2025-05-13,13.80886,2025-05-13,0.34212,2025-05-13,2.785,2025-05-13,0.14897,2025-05-13,0
2025-05-14,13.08294,2025-05-14,0.29541,2025-05-14,2.86201,2025-05-14,0.12624,2025-05-14,0
2025-05-15,12.61835,2025-05-15,0.26638,2025-05-15,5.66721,2025-05-15,0.11867,2025-05-15,0
2025-05-16,11.93536,2025-05-16,0.26764,2025-05-16,7.88915,2025-05-16,0.11109,2025-05-16,0
2025-05-17,11.92526,2025-05-17,0.3093,2025-05-17,5.43996,2025-05-17,0.09594,2025-05-17,0
2025-05-18,14.02853,2025-05-18,0.31435,2025-05-18,3.25968,2025-05-18,0.15275,2025-05-18,0
2025-05-19,15.05491,2025-05-19,0.2588,2025-05-19,3.52985,2025-05-19,0.14013,2025-05-19,0
2025-05-20,14.1573,2025-05-20,0.279,2025-05-20,24.44388,2025-05-20,0.14518,2025-05-20,0
2025-05-21,13.40234,2025-05-21,0.26511,2025-05-21,33.95657,2025-05-21,0.11488,2025-05-21,0
2025-05-22,13.20414,2025-05-22,0.27395,2025-05-22,15.50561,2025-05-22,0.14139,2025-05-22,0
2025-05-23,12.18406,2025-05-23,0.26385,2025-05-23,5.73159,2025-05-23,0.1073,2025-05-23,0
2025-05-24,13.01098,2025-05-24,0.24996,2025-05-24,3.69902,2025-05-24,0.10983,2025-05-24,0
2025-05-25,14.32016,2025-05-25,0.30172,2025-05-25,2.82161,2025-05-25,0.1376,2025-05-25,0
2025-05-26,15.93233,2025-05-26,0.32066,2025-05-26,3.39098,2025-05-26,0.1578,2025-05-26,0
2025-05-27,14.90089,2025-05-27,0.31309,2025-05-27,3.07031,2025-05-27,0.15023,2025-05-27,0
2025-05-28,13.71543,2025-05-28,0.34717,2025-05-28,3.36699,2025-05-28,0.10604,2025-05-28,0
2025-05-29,12.91629,2025-05-29,0.32319,2025-05-29,3.06905,2025-05-29,0.11867,2025-05-29,0
2025-05-30,11.75861,2025-05-30,0.3497,2025-05-30,2.71177,2025-05-30,0.12498,2025-05-30,0
2025-05-31,12.03509,2025-05-31,0.29162,2025-05-31,2.5022,2025-05-31,0.10857,2025-05-31,0
2025-06-01,13.74068,2025-06-01,0.28784,2025-06-01,2.86958,2025-06-01,0.14013,2025-06-01,0
2025-06-02,14.37571,2025-06-02,0.24618,2025-06-02,3.64852,2025-06-02,0.12498,2025-06-02,0
2025-06-03,13.21802,2025-06-03,0.32571,2025-06-03,2.79888,2025-06-03,0.1376,2025-06-03,0
2025-06-04,12.69915,2025-06-04,0.30299,2025-06-04,2.6941,2025-06-04,0.11993,2025-06-04,0
2025-06-05,12.51735,2025-06-05,0.28784,2025-06-05,2.65496,2025-06-05,0.08963,2025-06-05,0
2025-06-06,11.50486,2025-06-06,0.27016,2025-06-06,2.60573,2025-06-06,0.1174,2025-06-06,0
2025-06-07,12.41131,2025-06-07,0.26133,2025-06-07,5.14581,2025-06-07,0.10099,2025-06-07,0
2025-06-08,14.2583,2025-06-08,0.26259,2025-06-08,9.04178,2025-06-08,0.12877,2025-06-08,0
2025-06-09,14.68627,2025-06-09,0.27395,2025-06-09,7.99646,2025-06-09,0.08458,2025-06-09,0
2025-06-10,13.47809,2025-06-10,0.27395,2025-06-10,5.70003,2025-06-10,0.10604,2025-06-10,0
2025-06-11,13.26095,2025-06-11,0.26259,2025-06-11,3.78866,2025-06-11,0.11488,2025-06-11,0
2025-06-12,13.51597,2025-06-12,0.22471,2025-06-12,3.64095,2025-06-12,0.10857,2025-06-12,0
2025-06-13,12.19416,2025-06-13,0.26511,2025-06-13,4.07776,2025-06-13,0.07196,2025-06-13,0
2025-06-14,11.4228,2025-06-14,0.27521,2025-06-14,5.70003,2025-06-14,0.09847,2025-06-14,0
2025-06-15,13.86819,2025-06-15,0.27521,2025-06-15,7.72755,2025-06-15,0.11867,2025-06-15,0
2025-06-16,14.68375,2025-06-16,0.23103,2025-06-16,11.7523,2025-06-16,0.0972,2025-06-16,0
2025-06-17,14.42747,2025-06-17,0.2588,2025-06-17,7.0938,2025-06-17,0.12245,2025-06-17,0
2025-06-18,13.34679,2025-06-18,0.27269,2025-06-18,5.34023,2025-06-18,0.10225,2025-06-18,0
2025-06-19,13.01098,2025-06-19,0.23608,2025-06-19,5.90077,2025-06-19,0.09847,2025-06-19,0
2025-06-20,12.2636,2025-06-20,0.26638,2025-06-20,7.4334,2025-06-20,0.08711,2025-06-20,0
2025-06-21,13.20414,2025-06-21,0.22345,2025-06-21,6.42974,2025-06-21,0.07322,2025-06-21,0
2025-06-22,14.6989,2025-06-22,0.25375,2025-06-22,4.70521,2025-06-22,0.11362,2025-06-22,0
2025-06-23,15.13319,2025-06-23,0.29036,2025-06-23,4.40727,2025-06-23,0.07448,2025-06-23,0
2025-06-24,14.63325,2025-06-24,0.27395,2025-06-24,4.29238,2025-06-24,0.11867,2025-06-24,0
2025-06-25,14.12069,2025-06-25,0.25375,2025-06-25,4.15604,2025-06-25,0.08332,2025-06-25,0
2025-06-26,12.97058,2025-06-26,0.29794,2025-06-26,4.67996,2025-06-26,0.10352,2025-06-26,0
2025-06-27,11.96818,2025-06-27,0.26006,2025-06-27,5.11425,2025-06-27,0.08711,2025-06-27,0
2025-06-28,11.62226,2025-06-28,0.2689,2025-06-28,12.39363,2025-06-28,0.06943,2025-06-28,0
2025-06-29,13.95404,2025-06-29,0.26511,2025-06-29,11.87981,2025-06-29,0.10604,2025-06-29,0
2025-06-30,14.0866,2025-06-30,0.26511,2025-06-30,11.38997,2025-06-30,0.10857,2025-06-30,0
2025-07-01,13.70029,2025-07-01,0.30551,2025-07-01,15.55864,2025-07-01,0.11109,2025-07-01,0
2025-07-02,13.49324,2025-07-02,0.27269,2025-07-02,13.18015,2025-07-02,0.13382,2025-07-02,0
2025-07-03,12.82035,2025-07-03,0.31814,2025-07-03,9.8081,2025-07-03,0.08963,2025-07-03,0
2025-07-04,13.87829,2025-07-04,0.34844,2025-07-04,6.35778,2025-07-04,0.10478,2025-07-04,0
2025-07-05,14.63199,2025-07-05,0.2891,2025-07-05,5.74674,2025-07-05,0.06438,2025-07-05,0
2025-07-06,14.49311,2025-07-06,0.26511,2025-07-06,6.79712,2025-07-06,0.13887,2025-07-06,0
2025-07-07,14.92488,2025-07-07,0.28784,2025-07-07,14.38707,2025-07-07,0.14139,2025-07-07,0
2025-07-08,13.05011,2025-07-08,0.279,2025-07-08,12.59563,2025-07-08,0.09089,2025-07-08,0
2025-07-09,11.86718,2025-07-09,0.27016,2025-07-09,7.65054,2025-07-09,0.13255,2025-07-09,0
2025-07-10,11.95177,2025-07-10,0.28405,2025-07-10,8.12649,2025-07-10,0.10225,2025-07-10,0
2025-07-11,11.34578,2025-07-11,0.28026,2025-07-11,7.89799,2025-07-11,0.10983,2025-07-11,0
2025-07-12,10.8408,2025-07-12,0.26385,2025-07-12,6.22522,2025-07-12,0.10352,2025-07-12,0
2025-07-13,12.71809,2025-07-13,0.2689,2025-07-13,6.08256,2025-07-13,0.16917,2025-07-13,0
2025-07-14,13.46294,2025-07-14,0.29667,2025-07-14,5.27458,2025-07-14,0.13255,2025-07-14,0
2025-07-15,12.50473,2025-07-15,0.27648,2025-07-15,4.49816,2025-07-15,0.14644,2025-07-15,0
2025-07-16,12.42141,2025-07-16,0.23355,2025-07-16,4.04746,2025-07-16,0.13634,2025-07-16,0
2025-07-17,11.15894,2025-07-17,0.22219,2025-07-17,4.41484,2025-07-17,0.13382,2025-07-17,0
2025-07-18,10.97588,2025-07-18,0.2083,2025-07-18,4.44767,2025-07-18,0.10225,2025-07-18,0
2025-07-19,11.42911,2025-07-19,0.20704,2025-07-19,4.98548,2025-07-19,0.11614,2025-07-19,0
2025-07-20,14.05504,2025-07-20,0.15402,2025-07-20,7.0938,2025-07-20,0.12498,2025-07-20,0
2025-07-21,13.28367,2025-07-21,0.19441,2025-07-21,8.62138,2025-07-21,0.14392,2025-07-21,0
2025-07-22,13.76846,2025-07-22,0.22724,2025-07-22,7.0837,2025-07-22,0.11993,2025-07-22,0
2025-07-23,13.34174,2025-07-23,0.24113,2025-07-23,5.81239,2025-07-23,0.15907,2025-07-23,0
2025-07-24,12.63855,2025-07-24,0.24744,2025-07-24,5.20893,2025-07-24,0.1578,2025-07-24,0
2025-07-25,11.53642,2025-07-25,0.21209,2025-07-25,5.1294,2025-07-25,0.11488,2025-07-25,0
2025-07-26,11.73967,2025-07-26,0.16159,2025-07-26,4.40474,2025-07-26,0.09468,2025-07-26,0
2025-07-27,13.32155,2025-07-27,0.20073,2025-07-27,4.70521,2025-07-27,0.09973,2025-07-27,0
2025-07-28,13.71543,2025-07-28,0.23986,2025-07-28,5.46395,2025-07-28,0.16159,2025-07-28,0
2025-07-29,12.75091,2025-07-29,0.26006,2025-07-29,4.64335,2025-07-29,0.14013,2025-07-29,0
2025-07-30,18.09115,2025-07-30,0.19694,2025-07-30,4.27345,2025-07-30,0.11235,2025-07-30,0
2025-07-31,14.45272,2025-07-31,0.29036,2025-07-31,3.6965,2025-07-31,0.1376,2025-07-31,0
2025-08-01,12.60194,2025-08-01,0.31561,2025-08-01,3.64474,2025-08-01,0.09216,2025-08-01,0
2025-08-02,12.14745,2025-08-02,0.2386,2025-08-02,3.82274,2025-08-02,0.1073,2025-08-02,0
2025-08-03,12.98194,2025-08-03,0.22219,2025-08-03,4.11059,2025-08-03,0.11867,2025-08-03,0
2025-08-04,13.63211,2025-08-04,0.21461,2025-08-04,5.60535,2025-08-04,0.13003,2025-08-04,0
2025-08-05,13.18141,2025-08-05,0.22345,2025-08-05,4.61557,2025-08-05,0.16159,2025-08-05,0
2025-08-06,12.52998,2025-08-06,0.19694,2025-08-06,6.7706,2025-08-06,0.13129,2025-08-06,0
2025-08-07,11.87602,2025-08-07,0.15275,2025-08-07,4.56886,2025-08-07,0.08837,2025-08-07,0
2025-08-08,10.92917,2025-08-08,0.20199,2025-08-08,3.81769,2025-08-08,0.10983,2025-08-08,0
2025-08-09,11.30917,2025-08-09,0.18179,2025-08-09,3.87324,2025-08-09,0.10604,2025-08-09,0
2025-08-10,13.43012,2025-08-10,0.14392,2025-08-10,3.72427,2025-08-10,0.11993,2025-08-10,0
2025-08-11,14.28986,2025-08-11,0.15907,2025-08-11,4.51458,2025-08-11,0.15528,2025-08-11,0
2025-08-12,12.98825,2025-08-12,0.20704,2025-08-12,3.38719,2025-08-12,0.12498,2025-08-12,0
2025-08-13,12.14871,2025-08-13,0.18937,2025-08-13,4.32016,2025-08-13,0.09847,2025-08-13,0
2025-08-14,11.58439,2025-08-14,0.16285,2025-08-14,4.48806,2025-08-14,0.11993,2025-08-14,0
2025-08-15,10.87236,2025-08-15,0.19946,2025-08-15,5.1496,2025-08-15,0.09468,2025-08-15,0.00631
2025-08-16,11.55662,2025-08-16,0.17927,2025-08-16,4.70647,2025-08-16,0.09342,2025-08-16,0
2025-08-17,13.57404,2025-08-17,0.19568,2025-08-17,4.34919,2025-08-17,0.1477,2025-08-17,0
2025-08-18,13.68009,2025-08-18,0.16664,2025-08-18,5.80356,2025-08-18,0.14265,2025-08-18,0
2025-08-19,13.29251,2025-08-19,0.18558,2025-08-19,6.11412,2025-08-19,0.1275,2025-08-19,0
2025-08-20,12.1121,2025-08-20,0.17169,2025-08-20,5.34654,2025-08-20,0.13382,2025-08-20,0
2025-08-21,11.92904,2025-08-21,0.17548,2025-08-21,5.12056,2025-08-21,0.13129,2025-08-21,0
2025-08-22,10.96199,2025-08-22,0.22345,2025-08-22,4.18507,2025-08-22,0.11362,2025-08-22,0
2025-08-23,10.94811,2025-08-23,0.15402,2025-08-23,4.58906,2025-08-23,0.08584,2025-08-23,0
2025-08-24,13.01224,2025-08-24,0.18179,2025-08-24,4.05756,2025-08-24,0.1073,2025-08-24,0
2025-08-25,12.98573,2025-08-25,0.18432,2025-08-25,5.15591,2025-08-25,0.14265,2025-08-25,0
2025-08-26,12.0414,2025-08-26,0.17422,2025-08-26,4.83019,2025-08-26,0.12624,2025-08-26,0
2025-08-27,11.88486,2025-08-27,0.21083,2025-08-27,3.98434,2025-08-27,0.15023,2025-08-27,0
2025-08-28,12.11589,2025-08-28,0.18558,2025-08-28,3.70155,2025-08-28,0.13255,2025-08-28,0
2025-08-29,10.6388,2025-08-29,0.19189,2025-08-29,5.65585,2025-08-29,0.13003,2025-08-29,0
2025-08-30,10.60219,2025-08-30,0.19063,2025-08-30,4.3959,2025-08-30,0.08711,2025-08-30,0
2025-08-31,11.69296,2025-08-31,0.18558,2025-08-31,3.56141,2025-08-31,0.11109,2025-08-31,0
2025-09-01,12.43024,2025-09-01,0.13887,2025-09-01,4.64966,2025-09-01,0.14644,2025-09-01,0
2025-09-02,12.35828,2025-09-02,0.19189,2025-09-02,4.96528,2025-09-02,0.13382,2025-09-02,0
2025-09-03,11.76366,2025-09-03,0.17674,2025-09-03,3.82022,2025-09-03,0.17548,2025-09-03,0
2025-09-04,11.48592,2025-09-04,0.19946,2025-09-04,3.70029,2025-09-04,0.13508,2025-09-04,0
2025-09-05,11.45941,2025-09-05,0.14897,2025-09-05,3.23065,2025-09-05,0.1174,2025-09-05,0
2025-09-06,10.84964,2025-09-06,0.17169,2025-09-06,3.49072,2025-09-06,0.11362,2025-09-06,0
2025-09-07,11.98586,2025-09-07,0.16159,2025-09-07,4.40474,2025-09-07,0.14013,2025-09-07,0
2025-09-08,12.97563,2025-09-08,0.20073,2025-09-08,4.34288,2025-09-08,0.1376,2025-09-08,0
2025-09-09,12.47443,2025-09-09,0.20451,2025-09-09,3.84042,2025-09-09,0.13887,2025-09-09,0
2025-09-10,11.45309,2025-09-10,0.19946,2025-09-10,3.66115,2025-09-10,0.13508,2025-09-10,0
2025-09-11,11.31675,2025-09-11,0.19189,2025-09-11,3.07663,2025-09-11,0.10857,2025-09-11,0
2025-09-12,10.22976,2025-09-12,0.19441,2025-09-12,2.82413,2025-09-12,0.11993,2025-09-12,0
2025-09-13,10.38,2025-09-13,0.14644,2025-09-13,3.21929,2025-09-13,0.10983,2025-09-13,0
2025-09-14,11.75482,2025-09-14,0.19189,2025-09-14,3.35689,2025-09-14,0.15402,2025-09-14,0
2025-09-15,12.6133,2025-09-15,0.19568,2025-09-15,4.20275,2025-09-15,0.17043,2025-09-15,0
2025-09-16,11.82047,2025-09-16,0.24491,2025-09-16,4.35551,2025-09-16,0.1376,2025-09-16,0
2025-09-17,11.86213,2025-09-17,0.20073,2025-09-17,4.13331,2025-09-17,0.18937,2025-09-17,0
2025-09-18,11.00618,2025-09-18,0.2588,2025-09-18,3.68387,2025-09-18,0.18432,2025-09-18,0
2025-09-19,10.34717,2025-09-19,0.22976,2025-09-19,2.28254,2025-09-19,0.10352,2025-09-19,0
2025-09-20,9.89142,2025-09-20,0.19315,2025-09-20,2.47317,2025-09-20,0.11867,2025-09-20,0
2025-09-21,11.65509,2025-09-21,0.2184,2025-09-21,2.39489,2025-09-21,0.13129,2025-09-21,0
